1,0.01863723
2,0.00281700
3,0.00496914
4,0.00337491
5,-0.00135212
6,-0.00763401
7,-0.00561145
8,0.00551221
9,0.00268817
10,0.00631213
11,0.00420678
12,0.01190238
13,0.00949637
14,0.01332439
15,0.00594280
16,0.00615630
17,-0.00013892
18,-0.01255157
19,0.00608124
20,0.00816005
21,0.00024585
22,-0.00165433
23,0.00519422
24,-0.00538747
25,0.01518805
26,0.00029325
27,-0.00822184
28,0.00773734
29,-0.00884386
30,0.00667627
31,-0.00024825
32,0.00415414
33,-0.00202062
34,0.01312575
35,0.00651445
36,-0.00118225
37,-0.00430835
38,-0.00193626
39,0.00471574
40,-0.00852617
41,0.00644328
42,0.02137715
43,-0.00915134
44,-0.00756220
45,0.00888955
46,0.02231537
47,-0.00752103
48,0.00207891
49,0.02893201
50,0.00037398
51,0.00693707
52,0.02311513
53,0.04285308
54,-0.01175966
55,-0.00829429
56,-0.01197844
57,0.01402913
58,0.09512642
59,0.00987850
60,0.03369831
61,-0.02000587
62,0.00883030
63,0.02846874
64,0.05242048
65,0.04431717
66,0.00976713
67,-0.00843302
68,-0.02212549
69,0.04619132
70,0.17491055
71,0.02184313
72,0.02577977
73,0.00960706
74,0.01550796
75,0.06385936
76,-0.00884728
77,-0.02924549
78,0.00129236
79,-0.01985229
80,-0.02255232
81,0.14449427
82,0.04021479
83,-0.01107449
84,0.02875630
85,0.02556607
86,0.12224665
87,0.06347879
88,0.09601537
89,0.09150123
90,0.12542105
91,-0.04105584
92,0.05899335
93,0.08774296
94,-0.01966052
95,0.10244515
96,0.01429305
97,-0.01159594
98,-0.04156369
99,0.07612367
100,0.10984477
101,-0.03568141
102,0.09952592
103,0.05292137
104,0.01043106
105,0.01412440
106,0.14352870
107,0.26325580
108,-0.00771131
109,0.15964562
110,-0.02105596
111,0.05996664
112,0.03929683
113,0.04774050
114,-0.02702301
115,-0.02784651
116,0.06990250
117,-0.01772187
118,0.08005820
119,0.11090986
120,0.03627416
121,-0.01173832
122,0.03010326
123,0.16892435
124,0.01080785
125,0.01734839
126,0.00849778
127,0.05126785
128,0.06743165
129,-0.04567654
130,-0.03160053
131,0.02705640
132,-0.03067303
133,0.11267346
134,0.05675444
135,0.25419182
136,0.07512508
137,0.02359501
138,0.04224616
139,-0.00742605
140,-0.02804632
141,0.01225406
142,-0.00033398
143,0.00982465
144,-0.02815946
145,0.03838930
146,-0.00965235
147,0.03784285
148,-0.00855644
149,0.06051147
150,0.03307493
151,0.01549480
152,0.07103603
153,0.07832535
154,0.28528625
155,-0.02953250
156,0.01443812
157,0.09106952
158,0.01755618
159,-0.03387443
160,0.06747492
161,-0.02000463
162,-0.02231252
163,-0.03571060
164,0.03493284
165,-0.01430471
166,0.11880190
167,-0.01761726
168,-0.04778127
169,0.13806288
170,-0.04928950
171,0.05420185
172,-0.02230358
173,-0.00037519
174,-0.03993935
175,0.05872224
176,0.11707149
177,-0.02877318
178,0.02357391
179,0.12471592
180,-0.01173849
181,0.02626314
182,0.06326732
183,-0.02951439
184,-0.03642363
185,-0.04822117
186,0.03725227
187,0.06942799
188,-0.06094763
189,-0.04206523
190,-0.05575046
191,0.15401766
192,0.02730786
193,-0.03874989
194,-0.02958569
195,-0.04708204
196,0.07174397
197,0.02534530
198,-0.05046038
199,0.04828214
200,-0.03126942
201,0.06727493
202,0.01541404
203,0.31016523
204,0.04046475
205,0.08652847
206,-0.03584888
207,0.00073899
208,-0.02611249
209,0.15126099
210,0.25181392
211,-0.01070727
212,-0.02155006
213,-0.00638119
214,0.04150850
215,-0.04071229
216,0.09781235
217,-0.01664827
218,0.14688802
219,-0.01590529
220,0.05655246
221,-0.00913182
222,-0.02958633
223,0.06258105
224,-0.02899194
225,-0.01984450
226,-0.01821679
227,-0.04157707
228,0.01885343
229,0.02128447
230,0.04056707
231,0.01627386
232,0.07889666
233,-0.03012905
234,0.00236213
235,-0.00603721
236,-0.04305152
237,-0.02326266
238,-0.01764567
239,0.01995242
240,0.21958672
241,0.05348733
242,0.00200083
243,0.11233442
244,0.02461969
245,0.11952115
246,-0.01581500
247,0.09862255
248,0.10655859
249,-0.00944968
250,0.26350215
251,0.07498102
252,0.09183605
253,0.01688958
254,0.10811368
255,0.17867082
256,0.00846080
257,0.10671985
258,-0.00600449
259,0.06285824
260,-0.01218149
261,0.07864298
262,0.24449633
263,-0.01114433
264,0.03043473
265,-0.01162911
266,0.00538496
267,0.14926919
268,-0.03001305
269,0.14461410
270,-0.03224471
271,-0.04507678
272,0.01235242
273,0.16293032
274,0.00109562
275,0.07146624
276,0.04519368
277,0.01956001
278,0.01185224
279,0.01166125
280,0.00871954
281,-0.04487341
282,0.03157768
283,0.03331503
284,-0.03123675
285,-0.05805225
286,-0.04019625
287,0.09311888
288,-0.03784624
289,0.07185456
290,0.01258760
291,0.06043280
292,0.15491824
293,0.07393041
294,-0.01542281
295,0.03218624
296,0.27829739
297,-0.00335621
298,0.13217418
299,0.02907063
300,0.13875374
301,0.00206205
302,0.01943704
303,0.02899514
304,-0.03159118
305,-0.05043731
306,0.04884529
307,0.06762627
308,0.16143011
309,0.11524765
310,0.14818203
311,0.07532998
312,-0.04365047
313,-0.04058822
314,0.32408375
315,0.01552545
316,0.09955579
317,0.06819338
318,0.25767362
319,0.00213831
320,0.12901928
321,0.01660689
322,0.00996827
323,0.00660319
324,0.00748967
325,0.04050888
326,-0.02159324
327,0.06532888
328,-0.03632412
329,0.06286811
330,0.03354630
331,0.19371769
332,-0.04447430
333,0.12033709
334,0.10315792
335,-0.03020972
336,0.13682440
337,0.03376875
338,0.02222619
339,0.04941207
340,0.07695533
341,0.07817678
342,-0.05058302
343,0.18204619
344,-0.02097152
345,-0.01326796
346,0.04171583
347,0.00701098
348,0.09949408
349,0.05516342
350,0.00554112
351,-0.04156625
352,0.09261415
353,0.02305898
354,0.14796439
355,0.15721668
356,0.02346324
357,0.07828116
358,0.03561254
359,-0.02522216
360,0.00123551
361,-0.01505732
362,-0.00732018
363,0.01972300
364,0.01065704
365,-0.05090347
366,0.13291901
367,-0.01170336
368,0.09597146
369,-0.03616491
370,-0.00668505
371,0.09622863
372,-0.04504360
373,0.01771507
374,0.04436461
375,0.13001549
376,-0.05383952
377,-0.00937110
378,0.14706753
379,-0.05406826
380,-0.01643114
381,-0.00346507
382,0.00606058
383,-0.02137553
384,0.11886785
385,0.09956551
386,0.03628337
387,0.05914135
388,-0.01902635
389,0.36011246
390,-0.00173676
391,0.03426217
392,-0.00329894
393,-0.02516229
394,-0.01135188
395,0.01454604
396,0.09144434
397,-0.00736606
398,0.07718449
399,-0.05307744
400,-0.01495337
401,-0.05487296
402,-0.04498705
403,-0.00625208
404,-0.00281594
405,-0.00367250
406,-0.02339633
407,0.04395169
408,0.00005324
409,-0.04183673
410,0.02300750
411,0.06714457
412,-0.01059873
413,-0.03437778
414,0.05141528
415,-0.04218617
416,0.02164842
417,0.12810524
418,0.06514388
419,0.09921751
420,-0.01727010
421,0.00567578
422,-0.00170380
423,-0.00831747
424,0.08431841
425,-0.03645544
426,0.03916961
427,0.03951178
428,0.05437982
429,0.18140316
430,0.14128482
431,-0.02275122
432,-0.01190405
433,0.02827450
434,0.06938601
435,0.06071757
436,0.03880594
437,0.00199539
438,0.05446369
439,0.01332651
440,-0.04274477
441,0.04213377
442,-0.03637233
443,0.11614632
444,-0.02001307
445,0.07430985
446,-0.02253636
447,0.00398911
448,-0.02491543
449,0.10844090
450,0.06419502
451,0.00904473
452,-0.04065502
453,0.00293837
454,0.07578447
455,-0.00103262
456,0.02937036
457,-0.04126914
458,-0.00733321
459,0.01502011
460,-0.01934241
461,-0.02012031
462,0.00433785
463,0.01808913
464,-0.02308352
465,0.02441027
466,0.03509185
467,-0.01401190
468,-0.01971577
469,-0.03027820
470,0.06408936
471,-0.01024465
472,-0.00545827
473,-0.00638139
474,0.06523777
475,0.07534261
476,0.00225223
477,0.04045968
478,-0.02059752
479,0.03332391
480,-0.02987177
481,-0.00252100
482,0.01580552
483,-0.00861182
484,0.07551163
485,0.17239456
486,0.02676802
487,0.01398358
488,-0.03597889
489,0.02134119
490,0.09113648
491,-0.01978152
492,-0.03872357
493,-0.03194417
494,-0.02199282
495,0.06437783
496,-0.00482198
497,-0.02170567
498,0.13709348
499,0.00561924
500,0.09353079
501,0.00487527
502,0.03975248
503,-0.01306107
504,0.00190653
505,0.01302522
506,0.00611440
507,-0.00811221
508,0.07507034
509,-0.03443115
510,0.06726412
511,-0.01981521
512,-0.00511420
513,0.10040378
514,0.01439642
515,0.02670152
516,0.00261304
517,0.01667679
518,0.03475903
519,-0.05459787
520,-0.01838355
521,-0.03857176
522,0.11426597
523,-0.04145223
524,0.02104471
525,0.00724202
526,0.00226825
527,0.04852739
528,0.05990833
529,0.07290994
530,-0.02936855
531,0.02087440
532,-0.02055404
533,-0.02893982
534,-0.00810910
535,0.03414125
536,0.01903102
537,-0.04568818
538,-0.02906444
539,-0.02595511
540,0.03055584
541,0.08820345
542,-0.01813435
543,-0.01974637
544,0.00799931
545,0.05994133
546,0.01979473
547,-0.01462782
548,0.06149806
549,0.04883749
550,-0.03029658
551,0.02122065
552,-0.00541420
553,-0.03151542
554,0.04515839
555,-0.00698940
556,0.00855695
557,0.05927984
558,-0.00334519
559,-0.02705488
560,-0.03848603
561,-0.02296654
562,-0.02254757
563,-0.00005177
564,0.00282522
565,0.02202060
566,-0.00725292
567,-0.02990295
568,0.01193671
569,0.02883101
570,0.05109568
571,-0.04292377
572,-0.02298770
573,0.01386100
574,-0.03649044
575,-0.02628330
576,0.02697309
577,0.00460379
578,0.03250533
579,-0.03096622
580,-0.01989958
581,-0.01230407
582,-0.01860014
583,0.00430703
584,0.00182026
585,0.07569928
586,0.09874617
587,0.02816089
588,-0.03105767
589,0.00529321
590,0.09396626
591,-0.01606474
592,-0.03854349
593,-0.03815842
594,0.02647046
595,0.01301084
596,0.04832983
597,0.05341513
598,0.02363412
599,-0.02291859
600,-0.01228866
601,0.08192459
602,-0.03278297
603,0.07301399
604,0.05001147
605,0.14854299
606,-0.04253381
607,-0.01914780
608,-0.00710559
609,0.03769307
610,0.01322589
611,-0.00053606
612,-0.00123013
613,0.04119931
614,-0.01956568
615,0.05486861
616,-0.01184297
617,-0.00692886
618,0.00611016
619,-0.01565035
620,0.01951453
621,0.00783988
622,-0.00199390
623,-0.00368204
624,0.03150941
625,0.00211260
626,-0.02287357
627,0.01215900
628,0.01451483
629,-0.00659383
630,0.04507222
631,-0.00328227
632,-0.03410421
633,-0.02406228
634,-0.03287324
635,-0.01669743
636,0.05164539
637,0.02075591
638,-0.04069350
639,0.04105982
640,0.07249630
641,0.07290269
642,0.04365622
643,-0.02482506
644,-0.01836987
645,0.01921828
646,0.00756573
647,-0.02970638
648,-0.00247728
649,-0.01499169
650,0.00270969
651,-0.00554194
652,-0.04046822
653,-0.00122209
654,0.02222692
655,0.01102640
656,-0.02993723
657,0.04781524
658,0.04078161
659,0.04059389
660,0.06361759
661,-0.00221509
662,0.01221908
663,0.11073367
664,0.02663685
665,0.12503256
666,0.02167351
667,-0.00567344
668,0.06776023
669,0.03179904
670,0.02282983
671,0.02124706
672,0.03593828
673,0.03215567
674,0.11546207
675,0.02871647
676,-0.01297622
677,0.09893237
678,0.33264363
679,0.01901702
680,0.01103200
681,0.16879593
682,0.13943659
683,0.01484022
684,0.06132146
685,-0.00858036
686,0.02589093
687,0.02056349
688,0.01543394
689,0.02308877
690,0.07006442
691,0.04625940
692,0.00202204
693,0.04524520
694,0.09419680
695,-0.04252532
696,-0.03307923
697,-0.00724637
698,0.05230301
699,0.01932085
700,-0.00839777
701,0.06179135
702,-0.00625538
703,0.02435743
704,0.04950693
705,0.05053807
706,0.01484189
707,-0.01088826
708,-0.02649985
709,0.03520455
710,0.15660101
711,0.00963291
712,0.03965182
713,0.02248876
714,0.05278464
715,-0.00197763
716,0.23787560
717,0.12053788
718,0.02566213
719,0.10449086
720,0.05682999
721,0.02254980
722,-0.00575981
723,0.07989871
724,0.09780537
725,0.23911828
726,0.07734478
727,-0.01287276
728,0.01283316
729,0.19817056
730,-0.00572635
731,-0.01239789
732,0.12783739
733,0.04295024
734,0.10731319
735,0.09011059
736,0.15115355
737,0.07734550
738,0.12431256
739,0.08887654
740,-0.00855744
741,0.15589641
742,0.11297460
743,0.05233075
744,0.08737137
745,0.01903112
746,0.03343858
747,0.05419431
748,0.05564583
749,0.08349051
750,0.02537972
751,0.00073927
752,0.04128950
753,0.08843408
754,0.16738878
755,0.05458869
756,0.19226083
757,0.12585694
758,0.04164122
759,0.05183318
760,0.06134338
761,0.10695357
762,0.13985339
763,0.05846549
764,-0.00679320
765,0.01818131
766,0.07304132
767,0.03174871
768,0.10954912
769,0.06920974
770,0.03734639
771,0.06125621
772,-0.03962364
773,0.04021133
774,0.06814675
775,0.03199494
776,0.01720011
777,0.06346632
778,-0.00553004
779,0.13044813
780,0.01860601
781,0.01886612
782,0.04701098
783,0.08759106
784,-0.04320424
785,0.02982771
786,-0.03433803
787,0.02661800
788,0.01295650
789,0.10712258
790,0.00548065
791,-0.03081707
792,0.06506062
793,-0.02822614
794,0.01324031
795,-0.01535903
796,-0.03807281
797,0.03190691
798,-0.00360846
799,0.01175547
800,0.00544597
801,0.04226712
802,0.00239987
803,0.02943295
804,-0.00781944
805,0.00303594
806,0.04300885
807,-0.03134961
808,-0.03356891
809,-0.02162488
810,-0.00974288
811,0.04107112
812,0.05532389
813,-0.03682339
814,0.07519618
815,0.02620432
816,0.05073674
817,-0.01718692
818,-0.03557215
819,-0.00569874
820,-0.00610401
821,-0.02835906
822,0.03662400
823,-0.02408194
824,0.01132542
825,0.03138591
826,0.01229126
827,-0.03020071
828,-0.02703114
829,0.03487504
830,-0.01999219
831,0.00847855
832,0.06917886
833,0.03188809
834,-0.02536054
835,0.08494414
836,0.05745010
837,-0.03686255
838,0.03423746
839,-0.03188357
840,0.04230140
841,0.05293510
842,-0.02663483
843,0.04259791
844,0.02982657
845,0.04552330
846,0.13544914
847,0.04828021
848,0.04122950
849,-0.01602326
850,0.07647041
851,-0.02411647
852,-0.03273624
853,0.03221847
854,0.03229500
855,0.02809243
856,0.15142897
857,0.00708420
858,0.10252249
859,0.03919904
860,-0.01497976
861,-0.00911034
862,-0.02222564
863,0.00278272
864,0.14440757
865,0.05024898
866,0.07830592
867,0.03230800
868,0.21703407
869,0.09069076
870,0.21585360
871,0.06654638
872,0.06859335
873,0.05785077
874,0.07940770
875,-0.00902205
876,0.08751725
877,0.08296914
878,0.04925361
879,0.10179365
880,-0.00477651
881,0.06446480
882,0.09274877
883,0.20720461
884,0.10557410
885,0.06767435
886,0.24619168
887,0.07456221
888,0.09898491
889,0.16409230
890,0.23176400
891,0.10223886
892,0.08176845
893,0.04598031
894,0.08733875
895,-0.01886938
896,0.09281217
897,0.07308631
898,0.13678645
899,0.16996515
900,0.06612800
901,0.00341572
902,0.07061470
903,0.07472914
904,0.05691468
905,0.13345620
906,0.05417889
907,0.05496818
908,0.05476721
909,0.09127083
910,0.05153960
911,0.04728463
912,0.07957485
913,0.03664139
914,0.03825891
915,0.13686465
916,0.09081986
917,0.04741737
918,0.02859943
919,-0.00112320
920,0.11183247
921,-0.01264900
922,0.21981697
923,0.02669875
924,0.12963937
925,-0.01483096
926,0.05693523
927,-0.00743914
928,0.04089430
929,0.01182147
930,0.05959558
931,0.00145693
932,0.03770273
933,0.04367922
934,0.07470311
935,0.01287698
936,0.06228083
937,0.02967764
938,0.06582262
939,0.05117011
940,0.11860824
941,0.01154114
942,0.06699334
943,-0.01010119
944,0.08614354
945,0.07159695
946,0.05149865
947,0.03304717
948,0.07882825
949,0.05938961
950,0.08842953
951,0.05155685
952,0.10477862
953,0.11057840
954,0.01113816
955,0.01268111
956,0.03936200
957,-0.00680608
958,0.14175513
959,0.09512314
960,0.04212025
961,0.08016973
962,-0.00777802
963,0.19591662
964,0.09267717
965,0.12053625
966,0.06058165
967,0.07026616
968,0.02513982
969,0.21570367
970,0.05158624
971,0.09742408
972,0.07244343
973,0.00296907
974,0.04704970
975,0.03302630
976,0.05125185
977,-0.01046139
978,0.08678530
979,0.00517549
980,0.03877041
981,-0.01689537
982,0.03207602
983,0.07887498
984,0.05736183
985,0.01576424
986,0.02795937
987,-0.00617554
988,0.03823950
989,0.05931562
990,0.07645132
991,0.03698621
992,0.06063182
993,-0.00679712
994,0.10053238
995,-0.00919523
996,-0.00501792
997,0.01995135
998,-0.00730716
999,0.03137596
1000,0.05967342
1001,0.12990664
1002,0.04975753
1003,-0.00930317
1004,0.04200843
1005,0.03091292
1006,-0.00685918
1007,-0.00296714
1008,0.03191821
1009,0.05692526
1010,0.02246483
1011,0.05902517
1012,0.07342920
1013,0.05685953
1014,0.05674224
1015,-0.03148650
1016,0.00924802
1017,0.07335515
1018,0.01793435
1019,-0.01515211
1020,0.08854897
1021,0.00112052
1022,-0.01231280
1023,0.01297945
1024,0.02148033
1025,0.02202578
1026,0.05717108
1027,0.02688549
1028,0.02504231
1029,0.03967410
1030,0.09490152
1031,-0.03678309
1032,-0.00589823
1033,0.14746603
1034,0.00669171
1035,0.02262215
1036,0.11047907
1037,0.03362633
1038,0.02676360
1039,0.21990822
1040,0.08238836
1041,0.01584977
1042,0.17864996
1043,0.05889830
1044,0.05654166
1045,0.14696720
1046,0.10280873
1047,0.10534753
1048,0.08789103
1049,0.06357957
1050,0.12653738
1051,0.01489024
1052,-0.00642251
1053,0.11845095
1054,0.00680798
1055,-0.02896759
1056,0.07317206
1057,0.11477357
1058,0.02132337
1059,0.10462227
1060,0.04993204
1061,0.02407009
1062,0.04273239
1063,0.07544645
1064,0.02744334
1065,0.06511109
1066,0.01894425
1067,0.07102184
1068,0.03308092
1069,0.05195587
1070,0.03792242
1071,0.07092616
1072,0.02373037
1073,0.06269587
1074,0.01173617
1075,0.08498895
1076,0.02318208
1077,0.01911838
1078,0.03689882
1079,0.03167434
1080,0.01021906
1081,0.00190144
1082,0.12621741
1083,0.20877767
1084,0.21341953
1085,0.10570473
1086,0.10879782
1087,0.13258506
1088,0.05574451
1089,0.17840943
1090,-0.01447041
1091,0.22110333
1092,0.20398119
1093,0.09898953
1094,0.09152621
1095,0.08533919
1096,-0.01989851
1097,0.22070427
1098,0.05271714
1099,-0.01113556
1100,0.06874863
1101,0.06920292
1102,0.05743454
1103,0.05586581
1104,-0.00039527
1105,0.01296748
1106,0.07784115
1107,0.02439816
1108,0.02647394
1109,0.06201283
1110,-0.01387483
1111,0.00841581
1112,0.08889795
1113,0.03308159
1114,0.21752644
1115,0.04159927
1116,0.22233836
1117,0.09496194
1118,0.14773698
1119,0.12411971
1120,0.03431572
1121,0.01440285
1122,-0.00308545
1123,0.03510905
1124,-0.02265934
1125,0.00823781
1126,0.06911141
1127,0.08276076
1128,0.05591043
1129,0.14879310
1130,0.03551365
1131,0.09301531
1132,0.06459485
1133,0.15833266
1134,0.02471328
1135,-0.00118927
1136,0.16188604
1137,-0.02581345
1138,0.11492298
1139,0.21806219
1140,0.16352524
1141,0.19258212
1142,-0.01128022
1143,0.06085386
1144,0.14295681
1145,0.05345519
1146,0.11055588
1147,0.03159551
1148,0.08112490
1149,-0.03169395
1150,0.08433115
1151,0.22745116
1152,0.06976677
1153,0.15033782
1154,0.02905327
1155,0.05185732
1156,0.22348550
1157,0.23440024
1158,0.01303585
1159,0.04188345
1160,0.29499805
1161,0.02345789
1162,0.13324258
1163,0.07790139
1164,0.24181993
1165,0.28254300
1166,0.23576707
1167,0.03561027
1168,0.06836484
1169,0.30347082
1170,0.42549634
1171,0.03804244
1172,0.10431596
1173,0.42526448
1174,0.27923933
1175,0.11275645
1176,0.33756185
1177,0.12646776
1178,0.08243494
1179,0.24098492
1180,0.19868177
1181,0.57040483
1182,-0.01859882
1183,0.17892756
1184,0.03846416
1185,0.06168068
1186,0.10752741
1187,0.11160146
1188,0.10095090
1189,0.10624895
1190,0.02564468
1191,0.10884702
1192,0.07077561
1193,0.14987929
1194,0.00075592
1195,0.03296181
1196,0.13159482
1197,0.06403865
1198,0.11274359
1199,0.25382125
1200,0.13365571
1201,0.10371402
1202,0.03947987
1203,0.08838902
1204,0.13615590
1205,0.03142067
1206,0.04377598
1207,0.09798705
1208,0.03528884
1209,0.05966420
1210,0.16375230
1211,0.07055377
1212,0.04269354
1213,0.17292412
1214,0.18750031
1215,0.16552413
1216,0.08868106
1217,0.05459915
1218,0.15780218
1219,0.19860753
1220,0.07652549
1221,0.09995235
1222,0.19526850
1223,0.06061854
1224,0.00828356
1225,0.04110342
1226,0.24110407
1227,-0.01388311
1228,0.10555498
1229,0.06269889
1230,0.19587053
1231,0.16842873
1232,0.11914020
1233,0.00454310
1234,0.02481549
1235,0.05146613
1236,-0.03546980
1237,0.14882287
1238,0.15301308
1239,0.06826676
1240,0.03521650
1241,-0.01495893
1242,0.08489005
1243,0.05534891
1244,-0.01454719
1245,0.08066881
1246,-0.00500451
1247,0.25485978
1248,0.06252394
1249,-0.00306468
1250,0.07979941
1251,0.04848644
1252,0.02477960
1253,0.02885641
1254,0.17921615
1255,0.00544799
1256,0.03399244
1257,0.08708116
1258,0.07215501
1259,-0.01976092
1260,0.06834634
1261,0.29855737
1262,0.23235641
1263,0.20409550
1264,0.01249752
1265,0.11584791
1266,0.13287017
1267,-0.01423681
1268,0.12478377
1269,0.17087589
1270,0.37040472
1271,0.37611401
1272,0.08418853
1273,0.12309975
1274,0.04882786
1275,0.13806602
1276,0.01844913
1277,0.05323137
1278,0.00152547
1279,0.08728047
1280,0.04724621
1281,0.01668781
1282,0.14581114
1283,0.14383432
1284,0.02496128
1285,0.07762355
1286,0.03029221
1287,0.07211661
1288,0.01602574
1289,0.03810931
1290,0.00462398
1291,0.03150348
1292,0.10533872
1293,0.02106072
1294,0.05612326
1295,0.07890760
1296,0.07186827
1297,0.02789482
1298,0.07366563
1299,0.06651801
1300,0.05941986
1301,0.10530708
1302,0.02161268
1303,-0.01970926
1304,0.02384114
1305,0.01976804
1306,0.01789444
1307,0.00668117
1308,0.06825578
1309,0.08881085
1310,0.01758374
1311,0.07168846
1312,0.03151768
1313,0.11753958
1314,0.10477937
1315,-0.01368333
1316,0.07050304
1317,0.03583656
1318,-0.00738545
1319,0.09427027
1320,0.01931685
1321,0.09942481
1322,-0.00887969
1323,-0.00721936
1324,0.08418301
1325,0.14609100
1326,0.03479756
1327,0.04574757
1328,-0.00834207
1329,0.05102240
1330,0.09435154
1331,0.23831663
1332,0.03578869
1333,0.15719715
1334,0.02314288
1335,0.12132170
1336,0.07799207
1337,0.01835138
1338,0.06436676
1339,0.16508992
1340,0.02737873
1341,-0.01525114
1342,0.10056292
1343,0.06721054
1344,0.10470711
1345,-0.00698931
1346,0.01756407
1347,0.13372840
1348,0.01640352
1349,0.05485306
1350,-0.02530566
1351,0.05718237
1352,0.02263660
1353,-0.00016536
1354,0.11755284
1355,0.06801696
1356,-0.00484231
1357,0.07772984
1358,-0.00843931
1359,0.04370209
1360,0.04988564
1361,0.03741406
1362,0.01017887
1363,0.01549359
1364,0.12231930
1365,0.10345319
1366,0.16189191
1367,0.06288069
1368,0.10983174
1369,0.06639675
1370,0.13871606
1371,0.12787004
1372,0.10228835
1373,0.07815536
1374,0.01194596
1375,0.12597550
1376,0.09545484
1377,0.18715397
1378,0.05271298
1379,0.02140932
1380,0.22072600
1381,0.15093790
1382,0.04814065
1383,0.06349115
1384,0.11356182
1385,0.04627190
1386,0.19356206
1387,0.04428451
1388,0.06458993
1389,0.02323638
1390,0.08060144
1391,0.10932034
1392,0.06050308
1393,0.04967143
1394,0.00448135
1395,0.05701356
1396,0.06170841
1397,0.03006847
1398,0.00886947
1399,0.04929805
1400,0.00313770
1401,0.02708808
1402,0.03668501
1403,0.03148479
1404,-0.01560555
1405,0.07836594
1406,0.06812142
1407,0.06384993
1408,0.11565432
1409,0.01518531
1410,0.07435766
1411,0.04143928
1412,0.08987215
1413,0.01625695
1414,0.06578470
1415,0.10464394
1416,0.08382665
1417,0.05642806
1418,0.05267855
1419,0.08279577
1420,0.07178120
1421,0.05834878
1422,0.06264029
1423,0.05894869
1424,0.05839032
1425,0.10861206
1426,0.07494923
1427,0.05312572
1428,0.12866543
1429,0.08633108
1430,0.11822661
1431,0.12008631
1432,0.05659855
1433,0.05396279
1434,0.05687507
1435,0.14712152
1436,0.04553497
1437,0.04200967
1438,0.06971876
1439,0.04791135
1440,0.07051197
1441,0.19400522
1442,0.13008456
1443,0.18173935
1444,0.00931345
1445,0.09293190
1446,0.01837118
1447,0.01204619
1448,0.08606721
1449,-0.00671920
1450,0.00874012
1451,0.08153231
1452,0.01056685
1453,0.11894786
1454,0.06508100
1455,0.09827594
1456,0.12822564
1457,0.00026562
1458,0.03968213
1459,-0.00204622
1460,0.04377024
1461,0.18111594
1462,0.02944299
1463,0.14632742
1464,0.05411386
1465,0.04549668
1466,-0.00200561
1467,0.03406627
1468,0.11517597
1469,0.02784278
1470,0.05343862
1471,0.05969528
1472,0.12351906
1473,0.05950945
1474,0.13491704
1475,0.08374538
1476,0.07414680
1477,0.22238836
1478,0.16601673
1479,0.20260464
1480,0.12946354
1481,0.02562277
1482,0.14500082
1483,0.09198505
1484,0.10383742
1485,0.07261512
1486,0.13344142
1487,0.07947700
1488,0.04478499
1489,0.11556063
1490,0.04588308
1491,0.02203947
1492,-0.00578998
1493,0.07350805
1494,0.05302803
1495,0.22218996
1496,0.18068841
1497,0.01195033
1498,0.08072349
1499,0.04279267
1500,0.02887485
1501,0.04986268
1502,0.17265464
1503,0.06575064
1504,0.07341412
1505,0.05161013
1506,0.01393569
1507,-0.00298084
1508,0.01546939
1509,0.02397382
1510,0.05576232
1511,0.12857205
1512,0.04627492
1513,0.05315726
1514,-0.00452884
1515,0.05268760
1516,0.01513229
1517,0.02586317
1518,0.09319755
1519,0.08977676
1520,0.02895296
1521,0.02290815
1522,0.02852800
1523,0.09161895
1524,0.20650734
1525,0.06788554
1526,0.08380426
1527,0.16722013
1528,0.06532662
1529,0.11023399
1530,0.06233631
1531,0.03369659
1532,0.05386350
1533,0.12219894
1534,0.03705371
1535,0.16088630
1536,0.08523250
1537,0.18734281
1538,0.09922201
1539,0.17028078
1540,0.05215556
1541,0.29010376
1542,0.00713724
1543,0.25637484
1544,0.15191670
1545,0.05532033
1546,0.22261715
1547,0.32153258
1548,0.36017329
1549,0.15658666
1550,0.28698665
1551,0.32516900
1552,0.36350539
1553,0.05617273
1554,0.29248372
1555,0.09532671
1556,0.12767409
1557,0.07431769
1558,-0.01190621
1559,0.09126347
1560,0.07730771
1561,0.08688907
1562,0.04610030
1563,0.04934913
1564,0.00160059
1565,0.04758614
1566,0.02295721
1567,0.13592795
1568,0.06010214
1569,0.18102828
1570,0.10293917
1571,0.05791320
1572,0.07020681
1573,0.19565026
1574,0.02280719
1575,0.05187059
1576,0.12030733
1577,0.01251658
1578,0.07563037
1579,0.01301509
1580,0.14138140
1581,0.10496528
1582,0.10418463
1583,0.12741230
1584,-0.01036643
1585,0.09928073
1586,0.00516107
1587,-0.00245788
1588,0.10700934
1589,0.10075990
1590,0.18195263
1591,0.00685151
1592,-0.01898087
1593,0.16749486
1594,0.07989340
1595,0.13872169
1596,0.03970661
1597,0.02437187
1598,0.13325974
1599,0.03625654
1600,0.13507009
1601,0.02853324
1602,0.09270854
1603,0.01986347
1604,0.05576283
1605,0.00805325
1606,0.12980562
1607,-0.01015033
1608,0.04175073
1609,0.13128261
1610,0.02825339
1611,-0.02208272
1612,0.05267343
1613,-0.00207317
1614,0.14610761
1615,0.05797412
1616,0.11492109
1617,0.03512410
1618,0.06170399
1619,0.08215053
1620,0.05511330
1621,0.00363800
1622,0.01482253
1623,0.05569320
1624,0.00054194
1625,0.01160638
1626,0.04183213
1627,0.01144870
1628,0.14125329
1629,0.08098231
1630,-0.00336543
1631,-0.00838276
1632,0.01632415
1633,0.03766455
1634,0.02720323
1635,0.12379073
1636,0.08156883
1637,0.06091446
1638,0.05950624
1639,0.00346558
1640,0.04925619
1641,0.02930037
1642,0.08388432
1643,0.08730191
1644,0.01188737
1645,0.10717756
1646,0.03041140
1647,0.09727450
1648,0.03566033
1649,0.06885735
1650,0.03152674
1651,-0.00796837
1652,0.00884328
1653,0.16817483
1654,0.09060176
1655,0.06434194
1656,0.05129306
1657,0.23723024
1658,0.06986822
1659,0.31217271
1660,0.21863115
1661,0.14735866
1662,0.25157258
1663,0.32604757
1664,0.05591606
1665,0.05116434
1666,0.15983091
1667,0.10034362
1668,0.03637381
1669,0.04109495
1670,0.03013859
1671,0.06269392
1672,0.02517271
1673,0.01133194
1674,0.04319122
1675,0.11296307
1676,0.17197523
1677,0.00818718
1678,0.16640270
1679,0.04686479
1680,0.18619472
1681,0.03388372
1682,0.03481352
1683,0.10730915
1684,0.05604788
1685,0.02920803
1686,0.05128789
1687,0.05372971
1688,0.11406643
1689,0.04799129
1690,0.07924506
1691,0.02190366
1692,0.00391481
1693,0.05242576
1694,0.02307612
1695,-0.00175259
1696,0.00732478
1697,0.00114285
1698,0.01209086
1699,0.02733580
1700,0.08053146
1701,0.05352153
1702,-0.01092905
1703,-0.01818873
1704,-0.00155673
1705,0.00748377
1706,0.01492642
1707,0.10914966
1708,0.06005784
1709,0.06434462
1710,0.09885220
1711,0.08423550
1712,-0.01428974
1713,0.16068678
1714,0.02321405
1715,0.01093794
1716,0.07071189
1717,-0.01551761
1718,0.06446825
1719,-0.00257842
1720,0.06437951
1721,0.02513582
1722,-0.00170734
1723,0.05670797
1724,0.08336411
1725,0.01531925
1726,0.09577385
1727,0.13405156
1728,0.10575099
1729,0.06998526
1730,0.12981893
1731,0.06952740
1732,0.09201822
1733,0.16515058
1734,0.05533280
1735,0.03811812
1736,0.02709970
1737,0.00805762
1738,0.12696376
1739,0.07148000
1740,0.04981474
1741,0.02534561
1742,-0.01372922
1743,0.01820596
1744,-0.00205924
1745,-0.00075864
1746,0.05272373
1747,0.01904665
1748,0.10569533
1749,0.05872786
1750,0.08377358
1751,0.13264495
1752,0.00106599
1753,0.04353531
1754,0.03921535
1755,0.04127980
1756,0.06720797
1757,0.05526239
1758,0.06229039
1759,0.01774673
1760,0.01004835
1761,0.16346569
1762,0.01268233
1763,0.13665389
1764,0.10404663
1765,0.04196649
1766,0.00798288
1767,0.00351218
1768,0.04950756
1769,0.03924153
1770,0.03466024
1771,-0.01080723
1772,0.04175940
1773,0.06436182
1774,-0.00572532
1775,0.02141540
1776,0.06330570
1777,0.05316427
1778,0.03831400
1779,-0.00882405
1780,0.03674527
1781,0.15013024
1782,-0.00653407
1783,0.19429162
1784,0.07121100
1785,0.00880783
1786,0.02220500
1787,0.06737473
1788,0.04334588
1789,0.03008280
1790,0.04410261
1791,-0.01261898
1792,0.03317343
1793,0.06403314
1794,-0.00098374
1795,0.00062459
1796,0.04869397
1797,0.03326517
1798,-0.00637413
1799,0.03564677
1800,0.03446965
1801,0.03254218
1802,0.03579704
1803,0.05786568
1804,0.08013669
1805,0.07028254
1806,-0.01428645
1807,-0.00641551
1808,0.06490468
1809,-0.00741233
1810,0.01169719
1811,0.01979571
1812,0.07220089
1813,0.01016735
1814,0.03054130
1815,0.03426923
1816,0.02090404
1817,0.00775630
1818,-0.01549029
1819,0.00651300
1820,0.12401938
1821,0.03847367
1822,0.14558417
1823,0.11536831
1824,0.03092165
1825,0.02744373
1826,0.03782831
1827,0.03456108
1828,0.09194409
1829,0.03094380
1830,0.00207248
1831,0.08037683
1832,0.00017332
1833,-0.00343229
1834,0.10217726
1835,0.00245624
1836,-0.03619615
1837,0.09997435
1838,0.07113399
1839,-0.01204867
1840,-0.00662351
1841,0.02665566
1842,0.01660230
1843,0.08617678
1844,0.03489057
1845,-0.01921118
1846,0.02347041
1847,0.00383243
1848,-0.01120705
1849,0.09134785
1850,0.03933435
1851,0.05239465
1852,0.03160703
1853,0.01466772
1854,0.16410752
1855,0.04017328
1856,0.20973869
1857,0.03889881
1858,0.08522856
1859,-0.00221827
1860,0.13861002
1861,0.02463406
1862,0.16373417
1863,0.07810947
1864,-0.00583074
1865,0.11906551
1866,0.10781539
1867,0.11840599
1868,0.00647672
1869,0.09343157
1870,0.14066757
1871,0.00304557
1872,0.06017515
1873,-0.01371884
1874,-0.01509754
1875,0.03768212
1876,0.00517184
1877,0.01468404
1878,-0.01281329
1879,-0.00432590
1880,-0.00735055
1881,0.05992478
1882,0.04565135
1883,0.02264997
1884,0.07393344
1885,0.09181865
1886,0.01919925
1887,0.08187509
1888,0.02164200
1889,-0.00063084
1890,0.01695772
1891,0.11265094
1892,0.00161393
1893,-0.01184236
1894,-0.01537744
1895,0.05002661
1896,0.06662986
1897,0.14941058
1898,0.08844773
1899,0.06505489
1900,0.05340932
1901,-0.00431028
1902,0.08672293
1903,0.02623133
1904,0.29478207
1905,0.06849694
1906,0.15452103
1907,0.18715115
1908,0.15564977
1909,-0.02907369
1910,0.03009403
1911,0.04687920
1912,0.10974351
1913,0.02786314
1914,0.15975367
1915,0.01913282
1916,0.06958416
1917,0.05734724
1918,0.11428065
1919,0.08730940
1920,-0.01252207
1921,0.00915060
1922,0.00632067
1923,-0.00804455
1924,0.08360656
1925,0.01964399
1926,0.02986120
1927,0.08505064
1928,0.06220364
1929,0.07755053
1930,0.05089696
1931,0.03649260
1932,0.01122089
1933,-0.02783257
1934,-0.00568972
1935,0.02884299
1936,0.04783998
1937,0.01982874
1938,0.15515858
1939,0.04103138
1940,0.08415823
1941,0.04322153
1942,0.07065804
1943,0.00950210
1944,0.02167949
1945,0.03745893
1946,-0.02405310
1947,0.09148040
1948,0.01410419
1949,-0.00221877
1950,0.02040054
1951,0.01977455
1952,0.02065597
1953,0.03533294
1954,0.03903871
1955,0.12746568
1956,0.07192512
1957,0.02952783
1958,0.02418742
1959,0.03837801
1960,0.05823696
1961,0.06816241
1962,0.03273024
1963,0.04378072
1964,0.16303261
1965,0.01365459
1966,0.04270862
1967,0.01829762
1968,0.05012231
1969,0.03354661
1970,0.08443904
1971,0.05792221
1972,0.24647890
1973,0.04715460
1974,0.06115177
1975,0.08885303
1976,-0.00525125
1977,0.03987294
1978,0.08727591
1979,0.22653717
1980,0.06436127
1981,0.02692716
1982,0.06798739
1983,0.05804201
1984,0.04474726
1985,0.08030991
1986,0.17968367
1987,0.08904549
1988,0.13377492
1989,0.05602178
1990,0.00265522
1991,0.07489478
1992,0.09431510
1993,0.04080876
1994,0.04610470
1995,0.01280792
1996,0.00923602
1997,0.04499867
1998,0.06881776
1999,0.03161616
2000,0.05068660
2001,0.05081968
2002,0.03150124
2003,-0.01007197
2004,0.02516030
2005,-0.01127772
2006,-0.00157052
2007,0.02656760
2008,-0.02546541
2009,0.01458679
2010,-0.01436709
2011,0.03423774
2012,0.07626428
2013,0.02449136
2014,-0.01357376
2015,0.03798677
2016,0.07607648
2017,0.03911275
2018,0.11163382
2019,0.13716374
2020,0.06132267
2021,0.01563895
2022,0.08080137
2023,0.07374290
2024,0.08509934
2025,0.09507012
2026,0.08769548
2027,0.10637971
2028,-0.00840129
2029,0.03759473
2030,0.13203953
2031,0.13062361
2032,0.03859480
2033,-0.02129083
2034,-0.03771175
2035,0.06455211
2036,0.01066789
2037,-0.01508132
2038,0.07826626
2039,-0.02163265
2040,0.04367170
2041,-0.00320215
2042,-0.00017891
2043,0.04594078
2044,-0.01315052
2045,0.03551165
2046,-0.01995511
2047,-0.02254864
2048,0.11424326
2049,-0.00396061
2050,0.07428376
2051,0.00203929
2052,0.00004221
2053,0.02931951
2054,-0.02072356
2055,0.02414885
2056,-0.01185296
2057,0.05011890
2058,-0.02217879
2059,-0.00181635
2060,0.08727118
2061,0.07649990
2062,0.00509049
2063,0.03780938
2064,0.07023001
2065,0.04278658
2066,0.04558267
2067,0.03001545
2068,0.03820454
2069,0.06871970
2070,0.06320688
2071,0.01311946
2072,0.00489008
2073,0.14190452
2074,0.02143139
2075,0.00299889
2076,0.01386534
2077,-0.00649313
2078,-0.00771860
2079,-0.00887869
2080,0.05083025
2081,0.00443745
2082,0.00672698
2083,0.02433359
2084,0.00507655
2085,0.03973091
2086,0.03787079
2087,0.00859895
2088,0.00327223
2089,-0.00048439
2090,0.03633385
2091,0.00612540
2092,0.06172932
2093,-0.01166743
2094,0.00442082
2095,0.00382678
2096,-0.01590793
2097,0.01209146
2098,0.05568350
2099,0.06446021
2100,-0.01710609
2101,0.05768413
2102,-0.00009528
2103,-0.00313931
2104,0.01766258
2105,0.06327200
2106,0.05903698
2107,0.01235508
2108,0.06869559
2109,0.08380979
2110,0.01907453
2111,0.07552353
2112,0.06602822
2113,0.06350346
2114,0.00509088
2115,0.11570682
2116,0.03268288
2117,0.01490936
2118,0.03768484
2119,0.02829262
2120,0.07413734
2121,0.06233174
2122,0.05069814
2123,0.11137745
2124,0.00163611
2125,0.01006359
2126,0.03803233
2127,0.16185103
2128,0.02810629
2129,0.02662863
2130,0.01509236
2131,0.02667030
2132,0.01572657
2133,-0.01663145
2134,0.07170344
2135,0.05659545
2136,0.05804822
2137,0.08493762
2138,0.03925249
2139,0.08739170
2140,0.00388417
2141,0.11538103
2142,0.07931864
2143,0.03925513
2144,0.01616015
2145,-0.02334898
2146,-0.00194709
2147,0.01673209
2148,-0.00089935
2149,0.01527952
2150,0.13526571
2151,0.01426239
2152,-0.03934070
2153,0.01778885
2154,-0.00584153
2155,0.08204268
2156,0.06251750
2157,0.00881691
2158,0.05549900
2159,0.04134749
2160,0.01551012
2161,0.05042008
2162,-0.00497933
2163,0.00223099
2164,-0.00452833
2165,0.03499668
2166,-0.02523584
2167,0.02431683
2168,0.03667537
2169,0.07084713
2170,-0.00217326
2171,0.06691435
2172,0.02316078
2173,0.06404293
2174,0.01592484
2175,-0.00979508
2176,0.03705264
2177,0.03503063
2178,0.00759631
2179,0.00655790
2180,0.05387982
2181,0.03749403
2182,-0.00427364
2183,0.05287212
2184,0.07626795
2185,0.01512409
2186,0.05111170
2187,0.06601140
2188,0.00090685
2189,0.12505046
2190,0.01223825
2191,0.08387531
2192,0.02116115
2193,0.06669475
2194,0.01835653
2195,0.10181621
2196,0.13000429
2197,0.02387941
2198,0.03617595
2199,0.03443772
2200,0.04091867
2201,0.07032687
2202,0.24610826
2203,0.13508211
2204,0.05020628
2205,0.04583371
2206,0.05396210
2207,0.17293595
2208,0.01544709
2209,0.06986704
2210,0.08363318
2211,0.05071962
2212,0.03337325
2213,0.03033964
2214,0.06205721
2215,0.03675497
2216,0.01862278
2217,-0.00209436
2218,0.07394553
2219,0.08432963
2220,-0.00939054
2221,0.01418662
2222,0.01680107
2223,0.05582470
2224,0.11968661
2225,0.03946498
2226,0.01695272
2227,0.07207488
2228,0.05622634
2229,0.05148749
2230,0.02433017
2231,0.00491824
2232,-0.02303537
2233,0.04431630
2234,-0.00214897
2235,0.05233248
2236,0.05485038
2237,0.09797832
2238,0.01707985
2239,0.03984051
2240,0.03759185
2241,0.02927887
2242,0.04657431
2243,0.00184253
2244,0.04274845
2245,0.03857819
2246,0.05805244
2247,0.01286344
2248,0.03600914
2249,0.10555648
2250,0.09606991
2251,0.12682599
2252,-0.00936191
2253,0.02318035
2254,0.04300415
2255,0.06281710
2256,0.01610471
2257,0.05669536
2258,0.08540782
2259,0.01032045
2260,0.07898395
2261,0.01277358
2262,0.10337348
2263,0.06295364
2264,0.05098802
2265,0.02747421
2266,0.01248147
2267,0.13006224
2268,0.08563785
2269,0.02791271
2270,0.05763384
2271,0.08301772
2272,0.15067725
2273,0.00724411
2274,0.20591965
2275,0.10560552
2276,0.13564126
2277,0.01678816
2278,0.10359730
2279,0.09176167
2280,0.04704775
2281,0.04920726
2282,0.13061433
2283,0.01401563
2284,0.04598355
2285,0.06376898
2286,0.02047358
2287,0.11039034
2288,0.00676553
2289,0.03479275
2290,0.07337520
2291,0.04316108
2292,0.04717623
2293,0.08646179
2294,0.08094364
2295,0.13559742
2296,0.17943162
2297,0.07305544
2298,0.11285383
2299,0.14857598
2300,0.05572171
2301,0.12739228
2302,0.05936795
2303,0.14221714
2304,0.02940465
2305,0.02521506
2306,0.04374474
2307,0.07535688
2308,0.17360322
2309,0.02201036
2310,0.08225594
2311,0.07549538
2312,-0.00121180
2313,0.02502407
2314,0.07529484
2315,-0.01062236
2316,0.03318190
2317,-0.00680472
2318,-0.01434726
2319,0.01597645
2320,0.01043257
2321,-0.03384781
2322,-0.00334711
2323,0.02810838
2324,0.09321232
2325,0.06799980
2326,0.00251530
2327,0.02119112
2328,0.04273793
2329,0.02002127
2330,0.04969243
2331,0.03690993
2332,0.01148932
2333,0.02606776
2334,0.01813160
2335,0.01084061
2336,-0.00604601
2337,0.01910767
2338,0.04485930
2339,0.07196649
2340,-0.01698577
2341,0.00403614
2342,0.01538619
2343,0.03194956
2344,0.03708897
2345,0.06570480
2346,-0.00228259
2347,0.11500896
2348,-0.00150776
2349,0.02967949
2350,-0.00546603
2351,0.02280029
2352,0.11462589
2353,0.06827606
2354,0.01359274
2355,0.08436812
2356,-0.00656956
2357,0.08705926
2358,0.03993832
2359,0.02169614
2360,0.10424105
2361,0.01657306
2362,0.01831021
2363,0.06712082
2364,0.03276890
2365,0.05848275
2366,0.00223078
2367,0.00468576
2368,0.02493778
2369,0.07367678
2370,0.01938863
2371,0.05722700
2372,-0.01238308
2373,0.03225096
2374,0.00873559
2375,-0.02200503
2376,0.03901645
2377,0.06156479
2378,0.00846960
2379,-0.01327752
2380,0.03927934
2381,0.04517708
2382,0.06440949
2383,0.00416001
2384,0.07147280
2385,0.13977148
2386,0.02532451
2387,0.00823972
2388,-0.00205237
2389,0.03532028
2390,0.12053696
2391,0.13728045
2392,0.08462474
2393,0.03918336
2394,-0.00857326
2395,0.08205210
2396,-0.02407786
2397,0.17749952
2398,0.02436123
2399,0.12984321
2400,0.07178275
2401,0.09982963
2402,0.03575414
2403,-0.00250943
2404,0.05741617
2405,0.14607260
2406,0.07914470
2407,0.02942509
2408,0.03601355
2409,0.07846163
2410,0.07941493
2411,0.00020443
2412,0.05693145
2413,0.11033365
2414,0.00041387
2415,0.04313903
2416,0.00517518
2417,0.04488870
2418,0.04070891
2419,-0.00241317
2420,0.01560045
2421,0.09576566
2422,0.04799001
2423,0.06178747
2424,0.03905477
2425,0.06902308
2426,0.07488363
2427,0.01780128
2428,0.06056959
2429,0.05701308
2430,0.01165851
2431,0.01964156
2432,0.09065291
2433,0.12373297
2434,0.06581669
2435,0.06302226
2436,0.06909212
2437,0.11830018
2438,0.08709061
2439,0.17472418
2440,0.06024850
2441,0.11496779
2442,0.01506330
2443,0.02953205
2444,0.05912541
2445,0.09773703
2446,0.12640874
2447,0.03203667
2448,0.06226523
2449,0.05864331
2450,0.04698674
2451,0.05391204
2452,0.01455748
2453,0.02160628
2454,0.05203133
2455,0.03581308
2456,0.06776183
2457,0.06815227
2458,0.01661929
2459,0.08456816
2460,0.02376463
2461,0.11127955
2462,0.07592686
2463,0.03194414
2464,0.00480918
2465,0.00307508
2466,0.07099188
2467,0.02289461
2468,0.03303351
2469,0.10346503
2470,0.01909671
2471,0.03017073
2472,0.06170921
2473,0.01457764
2474,0.04162161
2475,0.10978094
2476,0.13509746
2477,0.12869896
2478,0.12444017
2479,0.12176416
2480,0.10519850
2481,0.00089537
2482,0.13564968
2483,0.10361370
2484,0.13670568
2485,0.14257534
2486,0.12560490
2487,0.21960722
2488,0.15357780
2489,0.03059541
2490,0.14845043
2491,0.14206246
2492,0.10469662
2493,0.05895545
2494,0.11080659
2495,0.01179024
2496,0.04690463
2497,0.00748513
2498,0.17058076
2499,-0.00820933
2500,0.04336023
2501,0.08396397
2502,0.16918375
2503,0.20297045
2504,0.12731363
2505,0.16768394
2506,0.06209268
2507,0.21230136
2508,0.14814144
2509,0.06497680
2510,0.02328509
2511,0.05920311
2512,0.07574924
2513,0.05188416
2514,0.05794658
2515,0.03602565
2516,0.16899768
2517,0.12621160
2518,0.05632097
2519,0.10356336
2520,-0.00135226
2521,0.09079122
2522,0.08010673
2523,0.07006926
2524,0.06302372
2525,0.19831157
2526,0.03610514
2527,0.03649886
2528,0.05715194
2529,0.03835363
2530,0.10012474
2531,0.06466185
2532,0.01563838
2533,0.03827055
2534,0.06288114
2535,0.11709008
2536,0.05477621
2537,0.03261714
2538,0.00140064
2539,0.09129494
2540,0.04891334
2541,0.05738946
2542,0.07376838
2543,0.08186351
2544,0.08704074
2545,0.11694077
2546,0.10043495
2547,0.02033183
2548,0.04193190
2549,0.11706417
2550,0.01726961
2551,-0.01060294
2552,0.00374433
2553,0.04236008
2554,0.01503862
2555,-0.00687022
2556,0.07971983
2557,0.04426629
2558,0.11269243
2559,0.06658340
2560,0.09169601
2561,0.05548118
2562,0.02201596
2563,-0.00085018
2564,0.04710932
2565,0.07104149
2566,0.05058198
2567,0.01257590
2568,-0.00114561
2569,0.03046531
2570,0.01517003
2571,0.06119290
2572,0.08044232
2573,0.04392381
2574,0.02833675
2575,0.06874312
2576,0.06680042
2577,0.06881634
2578,-0.00694456
2579,-0.01683668
2580,0.06407549
2581,0.04789903
2582,-0.00424347
2583,0.08523507
2584,-0.00246362
2585,0.03656754
2586,0.04591603
2587,0.10357822
2588,0.06647304
2589,0.03116852
2590,0.05263115
2591,0.01889816
2592,0.07840202
2593,0.02205438
2594,0.05372242
2595,0.07206546
2596,0.05410572
2597,0.08698022
2598,0.03366741
2599,0.02574612
2600,0.08727425
2601,0.09222151
2602,0.00458851
2603,-0.00304496
2604,0.00522545
2605,0.05498617
2606,-0.02355097
2607,0.02316737
2608,0.05836573
2609,0.03175230
2610,0.08047369
2611,-0.01714451
2612,-0.01016464
2613,0.08245839
2614,0.10650934
2615,0.00079758
2616,0.07518080
2617,0.07276833
2618,0.13104455
2619,0.00690328
2620,0.03936578
2621,0.08607719
2622,0.06243757
2623,0.09028430
2624,0.04830728
2625,0.08790476
2626,0.03240792
2627,0.02194095
2628,-0.01376784
2629,0.00791900
2630,0.02202773
2631,0.04813428
2632,0.10677403
2633,0.07214175
2634,0.06079015
2635,0.04106823
2636,0.04054559
2637,0.05811396
2638,-0.01117413
2639,0.06986731
2640,0.12993306
2641,0.09635977
2642,0.02887532
2643,0.09670870
2644,0.03304422
2645,0.03170024
2646,0.03362614
2647,0.03642864
2648,0.07055528
2649,0.04513049
2650,0.06031062
2651,0.09964986
2652,0.08530882
2653,0.11888745
2654,0.01415114
2655,0.03272814
2656,0.06517259
2657,0.03890872
2658,0.07764566
2659,0.02716310
2660,0.05104119
2661,0.04952750
2662,0.05957740
2663,-0.02002978
2664,-0.00325774
2665,0.07840348
2666,0.00356477
2667,0.01091861
2668,0.02975290
2669,-0.00167899
2670,0.01930892
2671,0.08736587
2672,0.05975243
2673,0.05339228
2674,-0.00097566
2675,0.06804466
2676,0.04900126
2677,0.05275406
2678,0.02299865
2679,0.00641290
2680,-0.01862867
2681,0.00561909
2682,0.01210247
2683,0.03550643
2684,0.01856463
2685,0.02607966
2686,0.03496521
2687,0.06374270
2688,0.08000391
2689,0.12936127
2690,-0.01274414
2691,0.00683059
2692,-0.01066093
2693,0.02743749
2694,0.11868595
2695,0.01324071
2696,0.05584037
2697,0.05836733
2698,0.07314137
2699,0.04786834
2700,0.03764507
2701,0.09518751
2702,0.02199267
2703,0.05636746
2704,0.08376481
2705,0.10334577
2706,0.05474903
