1,8.0521,7164
2,8.0699,6306
3,8.0494,5348
4,8.0510,7136
5,8.0547,7494
6,8.0562,7343
7,8.0436,7407
8,8.0460,7189
9,8.0352,6463
10,8.0373,6773
11,7.9925,6345
12,8.0208,7121
13,7.9939,6712
14,8.0036,6663
15,7.9833,6867
16,7.9594,6850
17,7.9436,6151
18,7.9559,7256
19,7.9248,5983
20,7.9355,7453
21,7.9050,7383
22,7.9177,7401
23,7.8376,6263
24,7.8454,5355
25,7.8699,7276
26,7.8761,7424
27,7.8085,7542
28,7.7665,7576
29,7.7806,6713
30,7.7607,6472
31,7.7755,7234
32,7.6618,7038
33,7.6592,7545
34,7.6702,6406
35,7.6588,7143
36,7.7131,7545
37,7.5606,5975
38,7.5887,6132
39,7.5456,7008
40,7.5846,7292
41,7.4519,7104
42,7.3895,6741
43,7.4728,6272
44,7.4272,7157
45,7.3237,5556
46,7.4119,7051
47,7.3644,7544
48,7.3377,5869
49,7.1056,5340
50,7.3720,7417
51,7.3111,7401
52,7.3541,6435
53,6.9917,5105
54,7.2458,7544
55,7.1633,7194
56,7.1950,7124
57,6.6457,6557
58,6.7933,5979
59,6.8863,5634
60,6.5431,5964
61,6.7257,6984
62,6.7836,6674
63,6.9617,7208
64,6.7924,7054
65,6.5212,5759
66,6.7201,6680
67,6.7889,7202
68,6.8181,7257
69,6.6061,4983
70,6.6602,5740
71,6.3444,6458
72,6.7126,7300
73,6.6868,7019
74,6.6763,6650
75,6.3643,6648
76,6.3460,6081
77,6.4438,7295
78,6.4059,7291
79,6.6316,7418
80,6.1289,6654
81,6.2575,6437
82,6.2883,7129
83,6.3909,6768
84,6.4442,6901
85,6.1808,6701
86,6.2441,6466
87,6.2415,6059
88,6.6225,7289
89,6.1551,6240
90,6.1177,6034
91,6.1713,6638
92,6.3354,7111
93,6.3942,7544
94,6.0855,6239
95,5.9907,6457
96,6.2044,6988
97,6.3906,7337
98,6.3580,7122
99,6.2582,7325
100,6.0367,6476
101,6.2955,7331
102,5.9538,4912
103,6.2408,7543
104,6.2271,7608
105,5.4691,5962
106,6.2333,7409
107,5.9366,6410
108,6.0092,7007
109,5.9392,6464
110,6.1627,7294
111,6.0419,7137
112,5.7024,5630
113,6.0010,7542
114,6.2167,7279
115,6.0209,7292
116,6.1284,7142
117,6.0927,7417
118,5.9418,6484
119,5.8567,6279
120,5.7775,5985
121,6.0025,7163
122,5.9047,7088
123,5.9355,7040
124,5.7811,6577
125,5.8524,6664
126,5.9856,7539
127,5.6875,6459
128,5.6385,6558
129,5.7651,6873
130,5.8164,7307
131,5.7224,7038
132,5.7819,6591
133,5.7116,6493
134,5.5874,5403
135,5.6747,6587
136,5.7610,7419
137,5.5633,6389
138,5.7855,7672
139,5.9589,7420
140,5.7385,7163
141,5.5272,5792
142,5.7415,7163
143,5.5885,7418
144,5.7439,6940
145,5.6402,6477
146,5.5882,7155
147,5.6968,6896
148,5.6840,6802
149,5.4200,7276
150,5.5992,7066
151,5.6724,7308
152,5.4676,5583
153,5.4145,6375
154,5.5770,6470
155,5.7159,7293
156,5.5409,7222
157,5.6322,7290
158,5.4909,7291
159,5.3126,6409
160,5.4611,7570
161,5.6539,7133
162,5.5137,6499
163,5.3064,7214
164,5.7146,7152
165,5.3105,6457
166,5.4800,6402
167,5.5268,7544
168,5.2373,7145
169,5.3194,7146
170,5.5155,7185
171,5.3178,6668
172,5.4695,7353
173,5.4737,7025
174,5.4010,7368
175,5.2832,7010
176,5.2881,6111
177,5.3887,7219
178,5.1973,6402
179,5.0768,6347
180,5.1563,6346
181,5.3346,7544
182,5.2271,7091
183,5.2972,7443
184,5.2896,7153
185,5.3810,7417
186,5.2551,7102
187,5.1608,6777
188,5.1785,6879
189,5.3268,7164
190,5.2897,7763
191,5.1834,6445
192,5.2158,5798
193,4.9916,6100
194,5.2359,7418
195,5.1540,7464
196,4.9677,6570
197,5.0979,6982
198,5.4116,7418
199,5.0916,6683
200,5.4534,7639
201,5.2355,7215
202,4.9588,6376
203,4.9218,4171
204,5.3199,7092
205,4.9165,5805
206,5.0985,7202
207,4.9977,7020
208,5.2392,7546
209,4.9467,5971
210,5.0050,7323
211,4.8556,6519
212,5.0630,7010
213,5.0191,6394
214,5.2568,7293
215,5.0216,7061
216,4.8974,6188
217,4.9483,7229
218,4.8563,6715
219,4.8112,6510
220,4.9801,6956
221,4.6973,5506
222,4.8938,7331
223,4.8194,6231
224,5.0337,7410
225,4.7642,6189
226,4.7067,4811
227,4.9456,7272
228,4.8840,6061
229,4.9988,7189
230,4.8397,7284
231,5.0695,7418
232,4.8044,6222
233,4.8837,6979
234,5.0343,7353
235,4.8211,7564
236,4.9419,7060
237,4.9265,6374
238,4.5096,5781
239,4.9581,7121
240,4.6928,6680
241,4.9041,7017
242,4.8229,7306
243,4.7616,7027
244,4.6317,6309
245,4.7343,6258
246,4.9887,7171
247,4.6549,5584
248,4.7554,6779
249,4.9869,7387
250,4.5684,6263
251,4.8250,7414
252,4.7957,6268
253,4.5435,6575
254,4.8349,6991
255,4.7494,6080
256,4.7650,7380
257,4.7680,5990
258,4.8606,6146
259,4.8001,6813
260,4.9429,6914
261,4.8310,6651
262,4.5168,5990
263,4.7877,6772
264,4.6987,6414
265,4.9374,7291
266,5.0691,7419
267,4.7580,7173
268,4.7895,7244
269,4.6549,6730
270,4.8970,7177
271,4.7723,7303
272,4.8045,6906
273,4.5741,5094
274,4.6159,6534
275,4.7339,7544
276,4.5084,6884
277,4.6962,7023
278,4.7459,6911
279,4.6449,6835
280,4.4951,6436
281,4.7791,6939
282,4.5887,6460
283,4.7786,7069
284,4.6507,6994
285,4.5243,6768
286,4.6893,7043
287,4.5603,7107
288,4.6332,6815
289,4.5317,6908
290,4.6750,6002
291,4.4922,6782
292,4.2992,5681
293,4.4356,7083
294,4.5440,6543
295,4.8507,7670
296,4.5507,3939
297,4.5762,6380
298,4.8469,6557
299,4.6698,7003
300,4.4615,6149
301,4.6313,7424
302,4.5966,7098
303,4.3973,6448
304,4.6970,7492
305,4.3930,6954
306,4.4777,6549
307,4.4589,6293
308,4.6589,6752
309,4.4197,6367
310,4.4182,6998
311,4.3379,5293
312,4.5539,7605
313,4.9743,7545
314,4.4170,5625
315,4.4661,7021
316,4.3382,5813
317,4.7091,7183
318,4.2592,6192
319,4.3552,6349
320,4.3914,6065
321,4.4151,6478
322,4.4697,7045
323,4.4781,7416
324,4.5386,6704
325,4.3926,6584
326,4.5141,6460
327,4.7406,7442
328,4.6195,7163
329,4.3678,7011
330,4.7227,7146
331,4.4027,5277
332,4.4616,7118
333,4.3402,6430
334,4.2419,6569
335,4.3732,6595
336,4.3951,6457
337,4.4936,6512
338,4.7729,7458
339,4.4935,7526
340,4.5926,6341
341,4.3022,6853
342,4.2910,6792
343,4.3602,7188
344,4.5140,7606
345,4.3563,6275
346,4.3253,6652
347,4.2608,6598
348,4.3921,6241
349,4.3339,6204
350,4.5798,6788
351,4.4421,7345
352,4.2468,5891
353,4.7051,7164
354,4.2153,6168
355,4.5224,6972
356,4.5399,7418
357,4.0436,4941
358,4.3056,6210
359,4.5642,7260
360,4.4721,7500
361,4.3202,6872
362,4.2994,7076
363,4.2874,6078
364,4.3183,6168
365,4.4948,6372
366,4.1536,5635
367,4.4801,6691
368,4.1956,6978
369,4.1872,6473
370,4.1794,5916
371,4.4016,7035
372,4.2956,6974
373,4.4612,7191
374,4.2471,7124
375,4.4003,6727
376,4.1513,5762
377,4.5159,7159
378,4.5311,7292
379,4.3458,7009
380,4.4455,7142
381,4.1960,6760
382,4.4207,6297
383,4.3796,7341
384,4.3491,7228
385,4.2328,5944
386,4.4217,7444
387,4.3034,6859
388,4.1914,6870
389,4.3370,5017
390,4.3739,7203
391,4.4411,7543
392,4.0203,6316
393,4.6805,7462
394,4.1895,6704
395,4.3055,6671
396,4.2383,6373
397,4.3822,7410
398,4.2411,7083
399,4.1733,6866
400,4.1662,6866
401,4.5333,7227
402,4.3721,6861
403,4.3473,7051
404,4.2435,7383
405,4.2961,6830
406,4.1740,7138
407,4.3026,6675
408,4.0569,6001
409,4.1852,6359
410,4.5713,6706
411,4.4725,7353
412,4.1669,7669
413,4.3183,7786
414,3.9405,6314
415,4.2456,6286
416,4.2399,5032
417,4.1778,7041
418,4.1458,6440
419,4.2622,6667
420,4.2002,6879
421,4.4968,7291
422,4.2630,6641
423,4.4028,7241
424,4.2348,7209
425,4.2026,6924
426,4.1829,7025
427,4.0400,6319
428,4.4653,6928
429,4.1917,5929
430,4.1078,6107
431,4.2841,7122
432,4.2175,6819
433,4.1143,7161
434,4.1720,5659
435,4.0319,4920
436,4.1120,5925
437,4.2445,6682
438,4.3807,7185
439,4.1078,6509
440,4.3300,7135
441,4.2371,7285
442,4.2659,7247
443,4.1242,6422
444,4.4119,7036
445,4.3070,6539
446,4.2634,6321
447,4.1639,5230
448,4.1477,6990
449,4.1357,5776
450,4.0943,6593
451,4.1820,7080
452,4.3745,7197
453,3.8977,5459
454,4.0192,6552
455,4.2845,7609
456,4.3200,7289
457,4.3292,7011
458,4.3001,7671
459,4.3473,6891
460,4.1971,6412
461,4.1876,6997
462,4.3664,6267
463,4.1116,7217
464,4.4213,6710
465,4.3110,7798
466,4.3606,7493
467,4.1868,7502
468,4.1894,7249
469,4.2461,7291
470,4.2197,7221
471,4.3090,7650
472,4.1160,7148
473,4.3455,7025
474,4.0773,6432
475,4.2763,5779
476,4.4698,6698
477,4.1415,6863
478,4.2475,7408
479,4.2375,7350
480,4.2304,6901
481,4.1134,5784
482,3.9493,7232
483,4.2759,7233
484,4.3699,7544
485,4.0222,5950
486,4.0441,6926
487,4.1855,7416
488,4.2425,6926
489,4.2189,7220
490,4.3923,7152
491,4.2995,5519
492,4.1821,6859
493,3.8550,5715
494,4.0497,7371
495,4.0654,6500
496,4.2154,6813
497,4.1349,6438
498,3.9424,5604
499,4.2023,7325
500,4.0740,6389
501,3.9615,7267
502,4.2499,7458
503,4.3072,7417
504,4.1279,6964
505,4.3414,7290
506,4.2617,7669
507,4.1900,7418
508,4.0440,6108
509,4.2608,7229
510,4.1957,6735
511,4.3924,7292
512,4.0404,5409
513,4.1589,7670
514,4.2334,7437
515,4.1088,6474
516,4.1429,7491
517,4.3104,7291
518,4.0308,6905
519,3.9997,7147
520,4.2680,6687
521,4.1212,6386
522,4.2037,7524
523,4.1008,6727
524,3.9940,6650
525,3.9665,7453
526,4.1254,7097
527,4.0857,7289
528,3.9711,6392
529,3.9995,6245
530,3.9748,6360
531,4.1678,7030
532,3.9511,7311
533,4.0516,7075
534,3.9323,6774
535,3.9845,6027
536,4.0783,5755
537,3.8948,5760
538,4.2227,7478
539,4.0721,7671
540,4.2686,7317
541,3.9906,5626
542,4.0544,6284
543,3.9167,6303
544,4.0956,7668
545,4.0311,6552
546,4.0649,6661
547,3.9669,6676
548,4.1591,7125
549,3.9763,6938
550,4.0828,5652
551,4.0312,6904
552,4.1057,7041
553,4.0756,6629
554,4.0927,5697
555,4.2589,7797
556,4.0041,6820
557,3.9389,6160
558,4.2657,7164
559,3.9835,6604
560,3.9096,5906
561,3.9549,5288
562,3.9800,7671
563,4.1370,7122
564,3.9343,6406
565,4.0306,6509
566,4.0792,7228
567,4.0923,7672
568,4.0843,7543
569,4.4624,7542
570,4.2053,7501
571,3.8935,7253
572,4.0693,6111
573,4.0270,6745
574,3.9606,5100
575,4.0550,6503
576,3.9296,6432
577,3.9894,5968
578,4.1913,8050
579,4.2625,7269
580,4.2273,6867
581,4.1341,6741
582,4.1712,7415
583,4.0058,6761
584,4.0413,6991
585,3.9483,6407
586,4.0068,7420
587,4.0812,6945
588,3.9015,6803
589,4.1511,7416
590,3.8513,5378
591,4.3247,7114
592,4.0107,7162
593,4.0422,7019
594,4.0749,6129
595,4.0301,7022
596,3.8211,6062
597,4.0626,7418
598,4.0854,4837
599,3.9688,6932
600,4.2054,7146
601,4.0374,7394
602,4.4373,6951
603,4.1183,6868
604,3.8852,6388
605,3.8964,6602
606,3.9870,6572
607,3.8921,6016
608,4.1505,7418
609,3.9725,6737
610,4.0336,6752
611,3.8641,7119
612,4.0669,7262
613,4.1644,6673
614,3.9097,6511
615,3.9026,5635
616,3.9992,6853
617,3.9023,5941
618,3.8323,6443
619,3.8930,5458
620,3.9884,7693
621,3.9276,6330
622,4.0591,7468
623,4.0278,6281
624,4.0138,5505
625,3.8295,7037
626,3.8558,6527
627,3.9410,6085
628,4.0308,6900
629,4.0989,7081
630,3.9834,6806
631,3.8191,5966
632,4.0686,7402
633,4.1543,6533
634,4.1789,7359
635,3.9296,6107
636,3.9445,5048
637,3.9526,7294
638,3.8024,5710
639,4.3287,7670
640,3.8867,5101
641,3.9046,5782
642,4.3002,7465
643,3.7979,6380
644,3.7632,5848
645,3.9286,6408
646,4.1902,7671
647,4.1168,7289
648,3.9923,5321
649,3.7346,6233
650,4.0041,6712
651,3.7791,5911
652,3.8677,6303
653,3.8625,6255
654,4.1146,7175
655,4.0328,6653
656,3.9987,6106
657,3.9878,6710
658,4.2421,7162
659,3.9848,7052
660,3.8490,6108
661,3.8823,5870
662,3.7673,6490
663,4.1090,7671
664,3.7492,6903
665,4.0543,7420
666,3.7388,5437
667,4.0070,7168
668,3.9401,6949
669,3.9083,6486
670,4.1001,7147
671,3.7968,6579
672,3.9230,6551
673,3.9219,7233
674,3.8951,6605
675,3.8436,5792
676,3.9689,6892
677,3.9284,5031
678,4.0705,7125
679,3.9485,6553
680,4.2992,6408
681,4.0513,7218
682,4.2498,7671
683,3.9209,6690
684,3.9182,6516
685,3.7909,6117
686,3.8753,6467
687,3.7969,5886
688,3.8667,5717
689,3.9388,6093
690,3.9591,6598
691,3.9486,6710
692,4.1389,7086
693,4.0339,7192
694,4.0244,6371
695,4.1946,7543
696,3.8590,6574
697,4.0872,7290
698,3.8364,6443
699,4.0233,7194
700,3.9380,7034
701,4.0359,6555
702,3.9990,5547
703,3.9576,7112
704,4.0422,7216
705,3.8615,6580
706,3.8998,6795
707,3.8927,6943
708,3.8568,6804
709,3.9306,6570
710,3.9778,7558
711,3.7996,6408
712,4.1223,7546
713,4.1427,7216
714,3.9444,7293
715,3.9127,5868
716,3.9262,7544
717,3.9502,6603
718,3.8904,6803
719,3.9950,7324
720,3.8766,7122
721,3.9932,7389
722,3.8275,5497
723,3.9542,7000
724,3.9018,6009
725,3.8816,6756
726,3.9102,6346
727,3.7553,6618
728,3.6810,5661
729,3.9323,7125
730,4.0425,7464
731,3.9531,6828
732,3.9942,7618
733,3.7799,6066
734,3.9454,4906
735,3.9212,5627
736,4.1521,7278
737,4.0003,7161
738,4.0426,7291
739,4.1060,7417
740,3.9798,7049
741,4.0154,6442
742,3.8608,7496
743,3.9241,7075
744,4.1624,7543
745,3.8473,6011
746,3.8612,6668
747,4.0791,7068
748,3.8786,6485
749,4.0469,6275
750,4.0017,7355
751,4.1278,6797
752,4.0895,7418
753,3.8372,5511
754,3.9148,6780
755,3.9935,7105
756,4.0619,6855
757,3.9803,7104
758,3.7646,6252
759,4.1012,7417
760,3.7520,5444
761,3.9364,7165
762,4.0496,7418
763,3.8141,7251
764,4.1370,6322
765,3.8900,7351
766,3.8511,7295
767,4.0275,6669
768,3.8595,6985
769,4.1046,7293
770,3.8681,6183
771,3.9456,7048
772,3.9108,6916
773,3.6803,6654
774,3.8886,6044
775,3.8401,6555
776,3.8394,6881
777,4.0014,4457
778,4.0490,6798
779,3.9667,6745
780,3.8601,6614
781,3.8966,5914
782,3.9627,7349
783,3.9591,7161
784,3.8391,6566
785,3.7321,5562
786,4.0671,7412
787,3.8494,5022
788,4.0024,7176
789,4.0266,7416
790,4.1113,7451
791,3.9909,7291
792,3.9724,7302
793,3.8313,6833
794,4.0751,7544
795,3.8394,6406
796,3.8186,5780
797,3.6865,6427
798,3.7567,7056
799,3.9614,6358
800,3.8783,5405
801,3.8043,6713
802,3.9573,7640
803,4.0143,6826
804,3.7234,6024
805,3.8915,7280
806,3.8768,5493
807,3.9220,7225
808,3.7836,6384
809,3.8437,5792
810,3.9477,7153
811,3.9001,7040
812,3.7164,6819
813,3.7309,6334
814,3.9327,6714
815,4.1819,7257
816,4.1276,7671
817,3.8026,7304
818,3.7411,6126
819,3.8669,6996
820,3.8304,6357
821,3.8898,7157
822,3.9710,7543
823,3.8082,5786
824,4.0402,7111
825,3.8596,7034
826,3.9201,7100
827,3.7332,6022
828,3.8555,6581
829,3.8627,7423
830,3.9280,6682
831,3.8964,6508
832,4.0589,7290
833,4.2342,7413
834,3.7073,5734
835,3.7187,5735
836,3.8170,6061
837,3.6815,6678
838,4.0415,7797
839,3.8694,7150
840,3.9206,7016
841,3.7755,6253
842,3.8738,7078
843,3.7571,6891
844,3.9291,7149
845,3.7179,6425
846,4.1126,4260
847,3.9142,6016
848,3.7903,6299
849,3.8696,5341
850,3.8495,6688
851,3.9852,6725
852,3.8675,7398
853,3.8981,7071
854,3.6997,6310
855,3.7904,7041
856,3.9387,7358
857,3.9795,7415
858,3.9302,6724
859,3.9248,6414
860,3.9668,7011
861,3.8783,7489
862,3.7724,5560
863,3.8113,6604
864,3.7368,6806
865,3.8164,6733
866,3.7585,5677
867,3.7635,6087
868,3.9687,7077
869,3.7538,6148
870,3.8052,6916
871,3.6606,6733
872,3.8561,6514
873,3.7869,7076
874,3.6623,5598
875,3.6240,5785
876,4.0448,7671
877,3.8099,7202
878,3.8292,7366
879,3.8030,7073
880,3.8572,6022
881,4.1542,7542
882,3.9091,6841
883,3.8989,6546
884,3.8561,7579
885,3.8533,7341
886,3.7776,6906
887,3.8716,6518
888,3.8145,7211
889,3.8391,6936
890,3.9490,7044
891,3.7818,7051
892,3.7922,6744
893,3.9393,5171
894,3.9188,7208
895,3.6839,6773
896,3.8171,6497
897,3.8872,6543
898,3.7117,5810
899,3.7507,6595
900,3.7304,5930
901,3.9310,7292
902,3.6725,7298
903,3.9796,7416
904,3.7871,5756
905,4.0020,7172
906,3.8011,7042
907,3.7778,7113
908,3.9869,7475
909,3.9750,7164
910,3.8511,6100
911,4.0410,6315
912,3.9230,5674
913,3.8286,6561
914,3.7747,6792
915,3.9995,7670
916,4.0613,6561
917,4.0288,7749
918,3.9110,7453
919,3.7801,6978
920,3.9317,6887
921,3.7936,6275
922,3.9014,7059
923,3.8196,6471
924,3.9966,7371
925,4.0257,7268
926,3.9147,7651
927,3.9386,7306
928,3.7692,6911
929,3.7860,7311
930,3.7495,7346
931,3.8380,5921
932,3.9853,7144
933,3.8697,7187
934,3.8543,6323
935,3.8453,6504
936,3.7004,6049
937,3.6931,6867
938,3.8156,6618
939,3.9190,7416
940,3.8294,7173
941,3.7997,6761
942,3.9347,6454
943,3.7607,5240
944,3.7916,6406
945,3.7024,6098
946,4.0572,7225
947,3.7171,6117
948,3.8492,5964
949,3.5342,5984
950,3.7282,7208
951,3.7900,5946
952,3.8020,6787
953,3.6607,4760
954,3.8109,5806
955,3.8047,6031
956,3.9072,6621
957,4.0289,7135
958,4.0331,7417
959,3.8458,7272
960,3.7731,5258
961,3.8778,6449
962,3.9540,7287
963,3.7927,6624
964,3.8151,7079
965,3.7248,6936
966,3.8056,6219
967,3.6805,6661
968,3.7739,5276
969,3.9230,7244
970,3.7991,6210
971,3.7971,6686
972,3.9085,6788
973,3.9503,7225
974,3.6487,6805
975,3.9186,7596
976,3.7283,6201
977,3.6258,6789
978,3.8736,7459
979,3.9245,7040
980,4.0114,7542
981,3.8437,6268
982,3.8838,7139
983,3.7501,5281
984,3.8063,7300
985,3.8352,7531
986,3.7681,7303
987,3.9166,7112
988,3.8567,6147
989,3.7835,7233
990,3.8119,6489
991,3.7300,5867
992,3.9358,7165
993,3.7175,6998
994,3.8866,7542
995,3.6950,6236
996,3.8827,7356
997,3.8157,6013
998,3.7998,6491
999,3.8950,7133
1000,3.7309,6484
1001,4.0389,6985
1002,3.9529,7387
1003,3.7966,5241
1004,3.7105,6477
1005,3.6139,6468
1006,3.8779,5744
1007,3.7234,6981
1008,3.8147,6663
1009,3.9159,7670
1010,3.9139,7253
1011,3.9373,7521
1012,3.6858,6923
1013,3.7723,6881
1014,3.9830,6216
1015,3.8760,7060
1016,3.9256,7473
1017,3.7654,6915
1018,3.8306,7286
1019,3.8446,7160
1020,3.9721,7273
1021,3.8538,7417
1022,3.8631,7217
1023,3.9182,7385
1024,3.6902,6741
1025,3.9216,7365
1026,3.7630,6967
1027,3.8032,6985
1028,3.7780,7166
1029,3.8131,7511
1030,3.7825,6821
1031,3.7605,5977
1032,3.8008,7059
1033,3.8104,7131
1034,3.8280,7258
1035,3.8978,7417
1036,3.8779,7405
1037,3.7195,6303
1038,3.9491,7290
1039,3.6967,7280
1040,3.7266,6456
1041,3.6430,6051
1042,3.8412,6162
1043,3.7650,6597
1044,3.8160,6942
1045,3.7246,7353
1046,3.9658,7063
1047,3.7738,4770
1048,3.8445,5578
1049,3.8137,6698
1050,3.7268,7294
1051,3.5998,6729
1052,3.9446,7232
1053,3.6724,6773
1054,3.7611,7148
1055,3.7053,6968
1056,3.9253,7545
1057,3.8944,7047
1058,3.6883,7392
1059,3.8027,7272
1060,3.5900,7110
1061,3.7828,7669
1062,4.0460,7412
1063,3.9245,6220
1064,3.9595,7512
1065,3.7752,7521
1066,3.8981,5765
1067,3.8321,7015
1068,3.7243,6566
1069,3.9195,7796
1070,3.8556,6906
1071,3.7705,7360
1072,3.7137,6236
1073,3.9698,7289
1074,3.7519,7009
1075,3.6701,5539
1076,3.6971,6685
1077,3.9303,7416
1078,3.7499,7171
1079,3.6840,6834
1080,3.9419,6937
1081,3.6692,6782
1082,3.9144,6806
1083,3.7600,7286
1084,3.7880,7248
1085,3.7184,7138
1086,3.9306,7269
1087,3.9122,7396
1088,3.8262,7797
1089,3.9904,5936
1090,3.7457,7310
1091,3.7495,7587
1092,3.8572,7401
1093,3.6049,4687
1094,3.6937,7228
1095,3.7194,5759
1096,3.6123,5659
1097,3.9599,7476
1098,3.8230,6875
1099,3.7422,5083
1100,3.7905,4536
1101,3.8070,6466
1102,4.0383,7092
1103,3.7175,6401
1104,3.8627,6748
1105,3.8965,7545
1106,3.8621,7276
1107,3.8711,7214
1108,3.7112,5081
1109,4.0732,7440
1110,4.1190,7389
1111,3.8825,7544
1112,3.6923,6238
1113,3.7421,5630
1114,3.7580,7275
1115,3.7974,6430
1116,3.8318,7043
1117,3.8082,5874
1118,4.0736,7262
1119,3.7435,7017
1120,3.7765,6318
1121,3.8448,6873
1122,3.8844,7544
1123,3.7569,7390
1124,3.7808,6379
1125,3.9925,7212
1126,3.6475,6535
1127,3.8997,7432
1128,3.8373,7115
1129,3.8124,5994
1130,3.8582,7337
1131,3.6698,6714
1132,4.0033,7767
1133,3.5793,6378
1134,3.7314,7097
1135,3.7536,7437
1136,3.8621,5414
1137,3.8105,5475
1138,3.8515,6980
1139,3.8306,6745
1140,3.9640,7652
1141,3.8441,7415
1142,4.0656,7348
1143,3.7167,7226
1144,3.7011,5800
1145,3.7602,6024
1146,3.7515,7291
1147,3.8725,6965
1148,4.0618,7104
1149,3.6436,5930
1150,3.7637,6631
1151,3.8631,7289
1152,3.6731,6766
1153,3.7810,6490
1154,3.7124,6508
1155,3.8037,7119
1156,3.8963,7291
1157,3.6340,7004
1158,3.7903,6485
1159,3.8453,5846
1160,3.9035,7023
1161,3.5934,6363
1162,3.6134,5925
1163,3.8072,6543
1164,3.8420,7365
1165,3.6602,6901
1166,3.9073,7368
1167,3.6758,6006
1168,3.9142,7126
1169,3.6671,6871
1170,3.7476,5880
1171,3.8618,7497
1172,3.6534,5698
1173,4.0488,7293
1174,3.8511,7093
1175,3.9066,6512
1176,3.7896,6389
1177,3.8422,6526
1178,3.8536,5992
1179,3.9217,6849
1180,4.0058,6667
1181,3.9543,7292
1182,3.8725,6887
1183,3.8506,7209
1184,3.8843,7204
1185,3.8299,6648
1186,3.7903,5674
1187,3.8252,7034
1188,3.8640,6579
1189,3.9641,6116
1190,3.7773,5908
1191,3.7982,6790
1192,3.7986,6662
1193,3.8709,7415
1194,3.7504,6039
1195,3.7588,6554
1196,3.8654,7453
1197,4.0097,7410
1198,3.7890,6539
1199,3.7240,7034
1200,4.1678,7164
1201,3.7837,6512
1202,3.7065,7183
1203,3.9886,6970
1204,3.9616,5579
1205,3.9479,7314
1206,3.8630,7418
1207,3.9146,6836
1208,3.8119,7020
1209,3.9478,6618
1210,3.9580,7133
1211,3.7936,7225
1212,3.8453,6850
1213,3.7464,6587
1214,3.8195,6705
1215,3.7365,6996
1216,3.7828,6799
1217,3.8151,7639
1218,3.7705,5986
1219,3.9732,6556
1220,3.7360,6763
1221,3.8029,6274
1222,3.8704,7016
1223,3.9137,6346
1224,3.6814,6607
1225,3.8459,6803
1226,3.7322,6441
1227,3.8178,6795
1228,3.7788,6603
1229,3.7705,6439
1230,3.7606,6701
1231,4.0077,7410
1232,3.9045,7377
1233,3.9189,7259
1234,3.8104,7253
1235,4.2263,7291
1236,3.7264,6309
1237,3.9825,6402
1238,4.2770,6355
1239,3.7784,6329
1240,3.9593,5200
1241,3.9715,7230
1242,4.0590,6485
1243,3.8198,6336
1244,3.9478,7570
1245,3.9666,7170
1246,3.7524,6345
1247,3.8123,7669
1248,3.7667,5415
1249,3.9709,6435
1250,3.8216,6183
1251,4.0555,7307
1252,3.8142,6717
1253,3.8654,7390
1254,3.8453,6503
1255,3.9481,6694
1256,3.7349,6247
1257,3.6627,6157
1258,3.7452,6920
1259,3.9157,6438
1260,3.7140,6486
1261,3.7612,7438
1262,3.8325,6560
1263,3.9635,5647
1264,4.0151,6147
1265,4.1520,7053
1266,3.8276,6810
1267,3.9833,6547
1268,4.0184,6440
1269,4.0211,6654
1270,3.9210,7246
1271,4.0058,7543
1272,4.0078,7400
1273,4.1584,6731
1274,3.9025,7139
1275,4.1849,6612
1276,4.2594,7368
1277,4.1487,7350
1278,4.1692,6784
1279,3.9477,6588
1280,4.0018,5375
1281,4.0326,6172
1282,4.0714,7067
1283,3.9979,7293
1284,3.9785,7548
1285,3.9302,7596
1286,4.0964,6833
1287,3.9867,6004
1288,3.9087,7153
1289,3.9410,6660
1290,3.8372,7000
1291,3.9518,6667
1292,3.8505,7088
1293,3.8958,6079
1294,3.9210,6303
1295,4.0554,6827
1296,3.7604,6570
1297,3.8703,5590
1298,3.8350,6100
1299,3.8503,6419
1300,3.8502,6901
1301,3.8160,6468
1302,3.7272,6020
1303,3.8603,6722
1304,3.9574,6537
1305,3.8285,6317
1306,3.8733,7675
1307,3.6857,6301
1308,3.9217,7292
1309,3.9512,6650
1310,3.8898,6789
1311,3.8407,7292
1312,3.9504,6194
1313,3.8315,6244
1314,3.9632,7417
1315,3.9082,6084
1316,3.9908,6055
1317,3.7617,6676
1318,3.8223,7078
1319,3.9319,7417
1320,3.9307,7088
1321,3.9461,6407
1322,4.0154,7275
1323,3.9548,6249
1324,3.9091,7189
1325,3.8942,7166
1326,3.6018,5400
1327,4.1116,7669
1328,3.8861,7418
1329,4.0855,7419
1330,3.8479,7196
1331,4.1098,7670
1332,3.8856,6300
1333,3.8276,7417
1334,3.9604,7317
1335,3.9133,7268
1336,3.9030,6169
1337,3.9964,6763
1338,4.1303,7113
1339,3.9498,6730
1340,4.1106,6257
1341,4.0857,6193
1342,4.1613,6561
1343,3.9107,6497
1344,4.0134,6829
1345,4.1904,6672
1346,4.0003,6017
1347,4.2160,7177
1348,4.0442,7292
1349,3.9300,6342
1350,4.0040,7443
1351,3.9717,6136
1352,3.9185,6356
1353,3.8732,7091
1354,3.9373,6798
1355,3.8852,6933
1356,3.9594,6752
1357,4.0878,7122
1358,3.9750,7202
1359,4.0811,7338
1360,4.0712,7413
1361,4.0615,7670
1362,3.9551,5127
1363,3.9410,6117
1364,3.9748,6474
1365,3.9010,6446
1366,3.9435,6449
1367,4.1148,7542
1368,4.0238,5860
1369,4.1009,6415
1370,3.8568,7358
1371,3.7436,6098
1372,4.0697,5895
1373,3.8817,5706
1374,3.9020,6240
1375,3.9528,7011
1376,3.8844,6377
1377,3.9904,7672
1378,3.9796,6997
1379,3.8902,6031
1380,4.1260,7683
1381,4.1516,5782
1382,3.9886,6212
1383,4.0114,6962
1384,3.9622,7238
1385,3.7406,5798
1386,3.9915,7668
1387,3.8324,7074
1388,3.9857,6820
1389,3.9610,7290
1390,3.7942,6915
1391,3.8086,6805
1392,3.9231,6558
1393,4.0480,6114
1394,3.8108,6083
1395,3.7517,6975
1396,3.8974,7412
1397,3.8217,7102
1398,3.8747,6417
1399,3.8197,6783
1400,3.9888,7482
1401,3.8486,7416
1402,4.0566,7568
1403,3.9033,7149
1404,3.6980,6793
1405,3.9994,7584
1406,3.8283,7418
1407,3.7934,6596
1408,3.7851,7323
1409,3.7890,7090
1410,3.8197,6748
1411,3.8000,6311
1412,3.8161,7731
1413,3.9099,7442
1414,3.9136,6250
1415,3.8357,7000
1416,3.7754,6480
1417,3.9296,7393
1418,3.6953,6428
1419,3.9373,7282
1420,3.7972,6923
1421,3.8583,6467
1422,3.8218,5064
1423,3.8083,6616
1424,3.7994,5541
1425,3.8654,7416
1426,3.8101,7133
1427,3.9903,5610
1428,3.9985,7502
1429,3.9069,6666
1430,4.0001,7419
1431,3.9016,6091
1432,3.7874,6373
1433,3.9941,7105
1434,3.7326,5384
1435,3.8421,6117
1436,3.8086,6934
1437,3.9808,7490
1438,3.8425,7431
1439,3.9037,7362
1440,3.6919,6324
1441,3.8257,7215
1442,3.5856,6941
1443,3.7210,6643
1444,3.8151,7528
1445,3.7962,7070
1446,3.7912,6689
1447,3.7594,6444
1448,3.8442,6815
1449,3.7801,7404
1450,3.8633,7193
1451,3.8458,6530
1452,4.0396,7385
1453,3.7990,6369
1454,3.8509,6449
1455,3.6877,6314
1456,3.8512,6960
1457,3.9509,7436
1458,3.6812,6749
1459,3.8095,7064
1460,3.6795,7413
1461,3.6192,5959
1462,3.8176,7479
1463,3.8778,7070
1464,3.7114,6975
1465,3.6447,7110
1466,3.8908,7542
1467,3.8755,6669
1468,3.8866,7395
1469,3.8432,7671
1470,3.7071,6732
1471,3.9283,7026
1472,3.6852,6630
1473,3.9031,7205
1474,3.8645,5720
1475,3.7751,7078
1476,3.6258,5940
1477,3.7900,6430
1478,3.8836,7404
1479,4.1114,7101
1480,3.8090,6474
1481,3.8955,7542
1482,3.8133,5805
1483,3.8898,6918
1484,3.8294,6898
1485,3.8196,7418
1486,3.8591,6469
1487,3.8931,7544
1488,3.8348,7113
1489,3.8606,6053
1490,3.6417,7060
1491,3.9845,7452
1492,3.9735,6530
1493,3.7960,6977
1494,3.9519,7380
1495,3.8333,5718
1496,3.6811,6475
1497,3.8707,7409
1498,3.7801,6165
1499,4.0008,6788
1500,3.7628,6506
1501,3.9836,7291
1502,3.8129,7542
1503,3.8637,7165
1504,3.8842,7483
1505,3.8193,7131
1506,3.8361,7532
1507,3.8726,6351
1508,3.7998,7361
1509,4.0148,7545
1510,3.8920,7544
1511,3.7252,5722
1512,3.7882,5311
1513,3.8894,7477
1514,3.9319,6947
1515,3.8027,7361
1516,3.8378,7544
1517,3.7963,7668
1518,4.0019,7546
1519,3.9785,7273
1520,3.9530,7538
1521,3.8528,7145
1522,3.9162,6298
1523,4.0087,6914
1524,3.9742,7544
1525,4.1136,7543
1526,3.8804,7171
1527,3.9380,7669
1528,3.7991,7404
1529,3.9081,6542
1530,3.8962,7262
1531,3.8035,7213
1532,3.7594,7310
1533,3.7229,6187
1534,3.8146,7176
1535,3.8908,7041
1536,3.9305,5524
1537,3.8813,6967
1538,3.8908,6318
1539,3.7969,6642
1540,3.7671,5938
1541,3.7154,6565
1542,3.8418,7352
1543,3.7658,6624
1544,3.7328,5854
1545,3.8371,6931
1546,3.8681,7416
1547,3.9711,6488
1548,3.9622,7239
1549,4.0099,7216
1550,3.9387,7304
1551,3.8423,4507
1552,3.8146,7469
1553,4.1447,7163
1554,3.9099,6543
1555,4.2915,7466
1556,4.2008,6737
1557,4.3958,6727
1558,4.4613,7207
1559,4.0551,5842
1560,4.0902,5634
1561,4.4062,7544
1562,4.3463,7467
1563,4.1359,7251
1564,3.9206,7032
1565,4.3453,7252
1566,4.0865,6301
1567,4.0020,6216
1568,3.8748,6665
1569,4.0168,5531
1570,4.0222,7473
1571,3.9399,6234
1572,4.0732,7338
1573,4.1072,5849
1574,4.1165,7265
1575,3.8891,7417
1576,4.1111,7395
1577,3.8757,6847
1578,3.9681,7621
1579,3.8629,6292
1580,4.0009,7308
1581,3.9229,6867
1582,3.9963,6832
1583,4.0812,7700
1584,3.9869,7391
1585,3.9449,7291
1586,3.8982,6458
1587,3.9993,7394
1588,3.8727,6500
1589,3.9159,6658
1590,3.8074,6124
1591,3.9756,7316
1592,3.9150,7235
1593,3.9054,6529
1594,3.8122,6727
1595,3.8954,6193
1596,3.7835,7089
1597,3.7465,6262
1598,3.8188,7247
1599,3.8681,6447
1600,3.9352,5989
1601,4.3289,6658
1602,4.1413,6357
1603,3.8932,6524
1604,3.8533,7309
1605,4.0183,7290
1606,4.2790,7185
1607,4.3593,7543
1608,4.3872,6880
1609,3.9609,6482
1610,4.3296,5817
1611,3.8140,6564
1612,4.0962,7242
1613,3.8827,6906
1614,4.0109,6106
1615,3.8604,7007
1616,3.9474,6266
1617,4.0354,6239
1618,3.9895,7200
1619,4.0593,7416
1620,3.7912,6467
1621,4.0404,7671
1622,3.9705,6369
1623,3.9007,6625
1624,3.8769,7070
1625,4.0010,7133
1626,3.8666,6376
1627,3.7881,6807
1628,3.9797,7545
1629,3.8545,6859
1630,3.9899,7083
1631,3.9757,7317
1632,3.7403,6029
1633,3.8650,6972
1634,4.0299,7357
1635,3.8918,7670
1636,4.2023,6277
1637,4.0267,7222
1638,3.9898,5575
1639,3.9633,7416
1640,4.0074,7288
1641,3.9621,7416
1642,4.0337,7544
1643,3.9483,6729
1644,3.8332,7416
1645,4.2290,6308
1646,4.0304,6973
1647,4.0767,6367
1648,4.0741,7372
1649,3.8933,7077
1650,4.0864,7416
1651,4.0928,7151
1652,3.9154,6415
1653,3.9556,6176
1654,4.4657,6085
1655,3.9115,7037
1656,3.8625,6416
1657,3.8750,6499
1658,3.8706,7001
1659,3.8269,6501
1660,3.9715,7393
1661,3.9744,7418
1662,3.7954,6401
1663,3.9048,6173
1664,3.9064,7321
1665,4.0648,7299
1666,3.7310,5815
1667,3.9114,7209
1668,4.0686,7091
1669,3.8547,6095
1670,3.9245,6673
1671,3.8283,6105
1672,3.9949,7183
1673,3.8914,7415
1674,3.8738,5137
1675,3.9870,7144
1676,4.1038,6469
1677,3.9267,6857
1678,3.8095,6390
1679,3.9118,6941
1680,3.9992,5427
1681,3.8714,7671
1682,3.9833,7225
1683,3.8520,7135
1684,3.8496,7428
1685,3.8856,5794
1686,3.7990,6631
1687,3.9123,7128
1688,3.9245,6697
1689,4.1787,7543
1690,4.0488,7038
1691,3.8499,6974
1692,3.8441,7472
1693,4.2583,7259
1694,4.1327,6250
1695,3.9436,7327
1696,4.1230,7544
1697,3.8294,6919
1698,3.8399,6866
1699,3.8624,7077
1700,3.9901,6633
1701,4.0272,7280
1702,3.9451,6676
1703,3.9907,5933
1704,3.8629,7417
1705,3.9438,7486
1706,4.0777,7161
1707,3.8402,6886
1708,3.9067,6519
1709,3.8968,7141
1710,3.7937,7156
1711,4.0541,7139
1712,3.6889,7006
1713,4.3104,4572
1714,3.8135,7419
1715,3.8255,7041
1716,3.7244,6731
1717,3.8374,6429
1718,3.9024,7259
1719,3.9068,7265
1720,3.8792,6931
1721,3.8087,7237
1722,3.6983,6377
1723,3.8108,6898
1724,3.8941,5926
1725,3.8867,7118
1726,3.8737,7307
1727,3.7013,6240
1728,3.9474,7332
1729,3.7430,6573
1730,3.8050,6532
1731,3.8417,5855
1732,3.7724,7285
1733,3.6806,6042
1734,3.7350,6427
1735,3.8169,7545
1736,4.0343,7179
1737,3.7280,6736
1738,3.7546,6776
1739,3.6760,7540
1740,3.7614,6574
1741,3.6943,6485
1742,3.8294,7035
1743,3.7669,6537
1744,3.8477,7277
1745,3.8483,6491
1746,3.6922,6093
1747,3.7789,7189
1748,3.7795,6840
1749,3.8178,7144
1750,3.6977,6924
1751,3.6918,6638
1752,3.8846,7545
1753,3.6936,7544
1754,3.6826,7201
1755,3.8001,5277
1756,3.7102,7490
1757,3.7226,7395
1758,3.8795,7415
1759,3.7648,6915
1760,4.0255,7274
1761,3.8534,5841
1762,3.7096,5999
1763,3.6676,5915
1764,3.6228,6342
1765,3.8014,6706
1766,3.8367,6733
1767,3.7861,7385
1768,3.6561,6659
1769,3.7382,6742
1770,3.8819,7382
1771,3.7126,6299
1772,3.6457,6554
1773,3.8563,6861
1774,3.7118,7169
1775,3.7444,7796
1776,3.8435,7272
1777,3.8065,7258
1778,3.8601,7435
1779,3.7388,7253
1780,3.9767,6902
1781,3.8730,6548
1782,3.8477,7671
1783,3.6986,5043
1784,3.7692,7535
1785,3.5425,6561
1786,3.7768,6530
1787,3.8180,7670
1788,3.6634,6569
1789,3.7845,7243
1790,3.7344,7672
1791,3.6829,6993
1792,3.6558,6096
1793,3.7318,7092
1794,3.6581,6021
1795,3.5870,6570
1796,3.7526,7368
1797,3.7275,7415
1798,3.8095,6428
1799,3.7595,5547
1800,3.6250,6441
1801,3.7671,6618
1802,3.7591,5309
1803,3.6662,6597
1804,3.7444,7539
1805,3.8858,7130
1806,3.6757,7444
1807,3.5475,6731
1808,3.5931,6846
1809,3.7347,6985
1810,3.6196,6409
1811,3.6359,6321
1812,3.8307,7404
1813,3.6159,6596
1814,3.7420,7671
1815,3.7717,7795
1816,3.5365,6917
1817,3.8520,7247
1818,3.6157,6389
1819,3.6609,6929
1820,3.7566,6844
1821,3.6297,5687
1822,3.8467,7599
1823,3.7548,7416
1824,3.6471,7090
1825,3.6097,6732
1826,3.8468,5721
1827,3.7425,6631
1828,3.6931,7416
1829,3.7253,7156
1830,3.6173,6201
1831,3.7095,7491
1832,3.6362,6794
1833,3.8071,7563
1834,3.7571,7293
1835,3.7151,6626
1836,3.6266,7158
1837,3.7934,7290
1838,3.8583,6960
1839,3.7660,6042
1840,3.8022,7291
1841,3.8310,7543
1842,3.6461,7322
1843,3.6768,5907
1844,3.6934,6923
1845,3.6532,7270
1846,3.6954,4837
1847,3.6198,6512
1848,3.7083,6605
1849,3.6154,6833
1850,3.8112,7032
1851,3.7173,7382
1852,3.5379,6643
1853,3.6650,7368
1854,3.8222,6893
1855,3.8493,6936
1856,3.6020,6687
1857,3.8187,7415
1858,3.6606,5543
1859,3.5711,6399
1860,3.4803,6793
1861,3.6859,6357
1862,3.7582,7381
1863,3.6214,5790
1864,3.5963,6294
1865,3.7739,7232
1866,3.7062,6890
1867,3.5366,6227
1868,3.5233,6221
1869,3.5534,6422
1870,3.7526,7026
1871,3.6232,5755
1872,3.7345,7263
1873,3.7634,5599
1874,3.7716,7290
1875,3.8997,7291
1876,3.6657,7056
1877,3.5783,7301
1878,3.5959,6859
1879,3.7958,6660
1880,3.6824,6759
1881,3.7540,7416
1882,3.6404,7034
1883,3.8256,7248
1884,3.6026,6910
1885,3.6789,7546
1886,3.7143,7264
1887,3.6468,6584
1888,3.6523,6884
1889,3.6757,5987
1890,3.8246,6393
1891,4.1189,6594
1892,3.7821,5667
1893,3.7343,6503
1894,3.8069,7330
1895,3.7719,7437
1896,3.8183,7453
1897,3.7573,6919
1898,3.6183,5351
1899,3.6604,6114
1900,3.7954,7293
1901,3.9272,7290
1902,3.6164,6576
1903,3.7656,7491
1904,3.6992,7378
1905,3.7338,5566
1906,3.8257,5156
1907,3.6693,5725
1908,3.5287,6907
1909,3.7530,6089
1910,3.6704,6841
1911,3.6817,7196
1912,3.5398,7375
1913,3.6459,7797
1914,3.7551,6383
1915,3.7785,7417
1916,3.7105,7320
1917,3.6765,6530
1918,3.6328,6653
1919,3.5860,6876
1920,3.5414,6145
1921,3.7365,6617
1922,3.6216,6993
1923,3.5668,7042
1924,3.7494,6833
1925,3.7365,7208
1926,3.9136,5115
1927,3.5889,5412
1928,3.6103,7670
1929,3.5755,6943
1930,3.7928,6044
1931,3.7230,7058
1932,3.7795,6290
1933,3.8054,5891
1934,3.5982,7175
1935,3.6987,7300
1936,3.5766,5622
1937,3.6877,6788
1938,3.6689,7544
1939,3.6430,6871
1940,3.9313,7092
1941,3.8144,7923
1942,3.6438,7409
1943,3.5807,7097
1944,3.5024,6598
1945,3.6689,6914
1946,3.6775,6745
1947,3.5503,6584
1948,3.8288,6351
1949,3.8181,6953
1950,3.7859,7289
1951,3.5192,6159
1952,3.5708,5685
1953,3.6955,5831
1954,3.6629,6407
1955,3.5058,6288
1956,3.5875,6701
1957,3.6559,5796
1958,3.6163,6601
1959,3.6308,6634
1960,3.5366,6674
1961,3.5878,6738
1962,3.7333,6347
1963,3.6771,7076
1964,3.7017,7072
1965,3.6150,6976
1966,3.6812,6295
1967,3.4905,6165
1968,3.7338,7717
1969,3.7506,6782
1970,3.6650,6585
1971,3.5759,6538
1972,3.6612,7394
1973,3.5298,6236
1974,3.6425,6749
1975,3.7177,6903
1976,3.5112,6618
1977,3.8709,6491
1978,3.6095,6271
1979,3.5741,6953
1980,3.7507,6501
1981,3.7427,7543
1982,3.7279,5917
1983,3.6577,6039
1984,3.6898,7492
1985,3.6123,6622
1986,3.4952,6732
1987,3.8498,7135
1988,3.6370,7076
1989,3.5223,6438
1990,3.7727,7286
1991,3.6920,7050
1992,3.6491,6997
1993,3.5945,7137
1994,3.5924,7270
1995,3.5072,6674
1996,3.6155,7127
1997,3.6681,7587
1998,3.7543,7291
1999,3.6620,5228
2000,3.7352,7278
2001,3.6460,6155
2002,3.8167,6823
2003,3.6208,7535
2004,3.6484,6244
2005,3.5303,7417
2006,3.7095,7082
2007,3.4941,6651
2008,3.6695,5747
2009,3.6894,7319
2010,3.6434,5444
2011,3.6471,6364
2012,3.5896,6096
2013,3.7998,7490
2014,3.7663,5694
2015,3.5585,7187
2016,3.6858,7269
2017,3.6280,6923
2018,3.5659,6593
2019,3.5720,7062
2020,3.7954,7741
2021,3.5869,6719
2022,3.7757,7361
2023,3.5238,6542
2024,3.7424,6624
2025,3.6862,5954
2026,3.7048,6849
2027,3.7692,6753
2028,3.6871,7169
2029,3.5984,6487
2030,3.6796,5998
2031,3.7707,7318
2032,3.6780,7341
2033,3.6531,6408
2034,3.6679,6783
2035,3.5802,6457
2036,3.6111,7356
2037,3.6087,7671
2038,3.5137,6829
2039,3.6741,6226
2040,3.6096,6463
2041,3.6685,6383
2042,3.7529,7169
2043,3.5613,6213
2044,3.6180,6828
2045,3.6257,7417
2046,3.6809,6762
2047,3.6968,7023
2048,3.6565,6349
2049,3.8575,7148
2050,3.5793,6236
2051,3.7024,6206
2052,3.5988,7317
2053,3.6389,7337
2054,3.6077,6009
2055,3.6754,7101
2056,3.6976,6124
2057,3.6808,7417
2058,3.6923,7230
2059,3.6484,7181
2060,3.6833,7385
2061,3.7233,6972
2062,3.7190,7258
2063,3.5931,7061
2064,3.7211,7421
2065,3.6692,6451
2066,3.6592,6476
2067,3.7391,6760
2068,3.8006,6546
2069,3.5587,6995
2070,3.7823,7232
2071,3.6351,6339
2072,3.6351,7014
2073,3.6783,6592
2074,3.7325,6010
2075,3.6253,6430
2076,3.5543,6517
2077,3.7300,6666
2078,3.6728,7165
2079,3.6881,6599
2080,3.6781,6544
2081,3.6296,7441
2082,3.6547,7164
2083,3.6937,5868
2084,3.6315,6330
2085,3.5965,5545
2086,3.6387,6814
2087,3.6180,4879
2088,3.4333,6086
2089,3.7268,7261
2090,3.6735,7174
2091,3.5002,6565
2092,3.6496,7161
2093,3.5698,6137
2094,3.7119,7284
2095,3.6573,6399
2096,3.6650,6925
2097,3.6139,5972
2098,3.5813,7389
2099,3.6776,7136
2100,3.6911,6906
2101,3.7970,6919
2102,3.6251,5707
2103,3.7032,5908
2104,3.9370,4974
2105,3.6586,6480
2106,3.6561,7268
2107,3.6678,7135
2108,3.6679,7544
2109,3.5952,6331
2110,3.5639,6922
2111,3.6495,6445
2112,3.7071,6837
2113,3.5970,6469
2114,3.6507,6881
2115,3.7341,6798
2116,3.7189,6898
2117,3.5731,6449
2118,3.6360,7240
2119,3.7546,7389
2120,3.6498,6726
2121,3.6186,5584
2122,3.6667,4552
2123,3.6654,7418
2124,3.7035,5328
2125,3.6123,7132
2126,3.7561,6844
2127,3.5967,7376
2128,3.5079,5856
2129,3.6217,7179
2130,3.7455,7289
2131,3.5318,6297
2132,3.9016,6022
2133,3.6194,7636
2134,3.5098,6952
2135,3.7120,5856
2136,3.6647,7418
2137,3.8205,7191
2138,3.6425,6306
2139,3.7910,6575
2140,3.7439,6368
2141,3.7406,4541
2142,3.7784,6475
2143,3.6713,6882
2144,3.6794,7417
2145,3.6550,7114
2146,3.5688,7162
2147,3.7003,7410
2148,3.6456,7165
2149,3.5427,6646
2150,3.5444,6571
2151,3.6175,6793
2152,3.6288,6907
2153,3.8795,6942
2154,3.7462,6656
2155,3.6635,5635
2156,3.7478,7291
2157,3.6857,7361
2158,3.8537,7228
2159,3.7349,7267
2160,3.6955,7516
2161,3.7242,5956
2162,3.6112,6796
2163,3.5585,7543
2164,3.5768,6811
2165,3.6823,7147
2166,3.7334,6523
2167,3.5866,6675
2168,3.6492,6963
2169,3.5933,6811
2170,3.5885,6481
2171,3.6423,6298
2172,3.8068,7417
2173,3.6729,6391
2174,3.7452,7025
2175,3.5729,6968
2176,3.6446,6949
2177,3.6792,6471
2178,3.8070,6077
2179,3.7042,7071
2180,3.8035,7671
2181,3.5496,7664
2182,3.6601,7221
2183,3.6331,7136
2184,3.6298,6891
2185,3.7242,5851
2186,3.7199,7417
2187,3.6404,7545
2188,3.7131,6935
2189,3.7638,7439
2190,3.5776,7146
2191,3.5684,6154
2192,3.7655,7924
2193,3.8540,7417
2194,3.5713,6192
2195,3.6915,7520
2196,3.6572,7923
2197,3.5891,6237
2198,3.7255,5751
2199,3.6971,6511
2200,3.7262,5173
2201,3.6463,6124
2202,3.6464,6734
2203,3.7949,6463
2204,3.8163,7418
2205,3.6878,6082
2206,3.8698,7039
2207,3.7330,6343
2208,4.0625,7055
2209,3.9795,6488
2210,3.8425,5184
2211,3.9058,6494
2212,3.9249,7475
2213,3.7669,7288
2214,4.0012,6407
2215,3.9715,6921
2216,3.7967,7536
2217,3.8851,5430
2218,3.9593,6873
2219,3.9827,6588
2220,3.8822,6560
2221,3.7710,5467
2222,3.8461,6728
2223,3.8192,5552
2224,3.9044,6660
2225,3.8473,6566
2226,3.9909,5990
2227,3.8779,6418
2228,3.7272,6430
2229,3.8978,6937
2230,3.9013,7557
2231,3.9589,7418
2232,3.7387,7481
2233,3.9293,7039
2234,3.8559,7004
2235,3.9871,7430
2236,3.9871,7599
2237,3.8873,5375
2238,4.0473,6723
2239,3.8690,7195
2240,3.9148,7423
2241,3.9020,6491
2242,3.7656,6340
2243,3.7355,5855
2244,4.0206,7166
2245,3.9105,5435
2246,3.9207,7434
2247,3.9726,7290
2248,3.8474,6439
2249,3.8336,7150
2250,3.8325,7307
2251,3.8478,6440
2252,3.8587,6614
2253,3.8339,6456
2254,3.8728,6021
2255,3.9351,7542
2256,3.6989,6706
2257,3.7927,6992
2258,3.8674,5660
2259,3.9471,6514
2260,3.9689,7161
2261,3.7813,6424
2262,3.8414,6940
2263,3.8118,6962
2264,3.7610,5879
2265,3.8502,7415
2266,3.9375,7057
2267,3.9569,7524
2268,3.6308,6487
2269,3.9801,6939
2270,3.9389,7352
2271,3.7196,6635
2272,3.7862,5668
2273,3.7194,5556
2274,3.6174,7080
2275,3.9296,6737
2276,3.8619,6979
2277,3.9424,7161
2278,3.7900,7207
2279,3.9867,7797
2280,4.0071,6104
2281,3.8232,5694
2282,3.9025,6997
2283,3.7266,6179
2284,3.8953,7543
2285,3.9972,7292
2286,3.8027,6947
2287,3.8433,7429
2288,3.6376,5861
2289,3.9165,7051
2290,3.7739,6585
2291,3.8246,6938
2292,3.8057,6418
2293,3.7519,6173
2294,3.7371,6566
2295,3.8129,7475
2296,3.8258,7176
2297,3.7283,6189
2298,3.7367,7119
2299,3.7751,7012
2300,3.7698,7097
2301,3.9971,7299
2302,3.6679,6025
2303,3.8198,6065
2304,4.0640,6730
2305,4.0279,7144
2306,4.2096,7405
2307,3.8922,7217
2308,3.8850,4807
2309,3.8535,6096
2310,3.7468,5805
2311,3.9229,6701
2312,3.9385,6422
2313,4.0937,7116
2314,4.0412,7414
2315,4.0634,6813
2316,4.0010,7458
2317,3.7666,6841
2318,3.8678,7411
2319,3.9631,5664
2320,3.9516,6559
2321,3.8784,6061
2322,3.9197,6284
2323,4.0537,7090
2324,4.1382,6762
2325,3.8596,6879
2326,3.9936,7758
2327,4.0442,7038
2328,3.7512,7118
2329,4.0287,7024
2330,3.8320,6870
2331,3.9940,7300
2332,3.7537,6825
2333,4.0515,7544
2334,3.8989,7119
2335,3.6201,5198
2336,3.8343,6390
2337,3.8939,6439
2338,3.8500,7369
2339,3.7513,7546
2340,3.7025,6474
2341,3.7538,6845
2342,3.8545,6305
2343,3.7365,6338
2344,3.8960,7245
2345,3.7879,6864
2346,3.8465,6561
2347,3.7776,7131
2348,3.7744,6808
2349,3.7385,7539
2350,3.7198,6711
2351,3.8321,7273
2352,3.7910,5579
2353,3.6998,6698
2354,3.8924,7669
2355,3.6286,7254
2356,3.8965,7070
2357,3.8098,7526
2358,3.8220,6558
2359,3.9184,6267
2360,3.8721,7042
2361,3.8932,7655
2362,3.9471,5724
2363,3.7976,7780
2364,3.9103,5430
2365,3.8549,6922
2366,3.6960,6655
2367,3.7319,6912
2368,3.7046,6597
2369,3.9042,7154
2370,3.7859,6946
2371,4.0242,6578
2372,3.8423,6893
2373,3.6821,7293
2374,3.7798,7273
2375,3.7650,6270
2376,3.6984,6267
2377,3.7191,6564
2378,3.6672,6671
2379,3.8090,7066
2380,3.7815,7180
2381,3.7664,7355
2382,3.9620,3892
2383,3.7853,6434
2384,3.8228,7670
2385,3.7823,7039
2386,3.7303,7337
2387,3.5795,6300
2388,3.8513,7418
2389,3.6681,7034
2390,3.7326,6470
2391,3.7701,6507
2392,3.8211,6328
2393,3.8394,7148
2394,3.7552,7089
2395,3.8048,7278
2396,3.6117,6873
2397,3.8408,7542
2398,3.6865,6831
2399,3.7716,7432
2400,3.6630,7671
2401,3.8539,7291
2402,3.7045,6587
2403,3.8777,6440
2404,3.7415,7417
2405,3.7386,7048
2406,3.7172,6462
2407,3.7481,6930
2408,3.7988,6626
2409,3.7991,6424
2410,3.8984,6996
2411,3.8880,6758
2412,3.8538,5800
2413,4.0457,7182
2414,3.9857,5644
2415,4.0618,6171
2416,4.0547,6044
2417,4.2358,6123
2418,4.2466,4686
2419,4.9870,7417
2420,4.6905,6929
2421,4.4029,7163
2422,4.4142,7039
2423,4.0558,7543
2424,4.1069,6632
2425,4.0896,7566
2426,4.0352,7462
2427,4.0747,6136
2428,4.0100,5917
2429,4.1388,6531
2430,4.0980,6571
2431,4.0031,7055
2432,4.0024,6545
2433,4.0025,7218
2434,3.9951,6950
2435,3.8670,7185
2436,4.1100,5474
2437,3.9391,7670
2438,3.9436,7268
2439,3.9988,5814
2440,4.1415,6321
2441,3.8441,6701
2442,3.9325,7279
2443,3.8789,6883
2444,3.8744,7428
2445,4.1806,7417
2446,4.0791,6511
2447,4.0926,7413
2448,4.5150,6305
2449,4.2047,7388
2450,4.1303,5943
2451,4.1199,7472
2452,4.0648,7291
2453,3.9364,5949
2454,4.1901,6157
2455,3.8773,7065
2456,3.9741,7183
2457,3.8484,6863
2458,3.7288,6321
2459,3.8561,5694
2460,3.9390,7419
2461,3.8346,6835
2462,3.7836,7274
2463,3.9035,6283
2464,3.7703,6986
2465,3.7624,5536
2466,3.7547,7215
2467,3.6227,6515
2468,3.9725,6634
2469,3.9105,6974
2470,3.9928,7545
2471,3.9967,6687
2472,3.7878,5717
2473,3.8131,7265
2474,3.7596,6248
2475,3.9248,7217
2476,3.6531,6075
2477,3.8922,6877
2478,3.8829,6454
2479,3.6954,6464
2480,3.7587,7533
2481,3.8729,7226
2482,3.7441,6931
2483,3.6900,6658
2484,3.7757,6504
2485,3.7935,6309
2486,3.8922,7468
2487,4.0023,7282
2488,3.9191,7453
2489,3.7657,5917
2490,3.8456,7670
2491,3.9628,7293
2492,3.9531,7467
2493,3.7607,7543
2494,3.8145,7048
2495,3.8618,7726
2496,3.9259,7403
2497,3.7182,7255
2498,4.0127,5774
2499,3.6230,6843
2500,3.8345,6454
2501,3.7644,6966
2502,4.0869,5897
2503,3.9945,7168
2504,3.9694,7353
2505,3.8675,6566
2506,3.9612,7210
2507,3.9975,7417
2508,4.0036,5628
2509,3.8031,7008
2510,3.7888,6311
2511,3.7364,6605
2512,3.8477,7584
2513,3.7326,6829
2514,3.8175,5105
2515,3.8132,6756
2516,3.9342,6112
2517,4.0503,7659
2518,3.8237,6889
2519,3.7420,7245
2520,3.7975,6412
2521,3.8761,7016
2522,3.7756,7002
2523,3.8321,6563
2524,3.7345,6708
2525,3.7634,7377
2526,3.9300,6825
2527,3.9757,6788
2528,3.9083,7670
2529,3.7789,6935
2530,3.8017,7727
2531,3.8388,7923
2532,3.9101,7045
2533,4.0318,6217
2534,3.9728,7544
2535,4.2355,6624
2536,4.6922,6831
2537,3.8614,5610
2538,3.9186,5898
2539,3.9976,6743
2540,3.7803,6514
2541,4.0443,6741
2542,4.1978,7543
2543,3.7842,6294
2544,3.9893,7500
2545,3.8368,7226
2546,3.8350,6965
2547,3.8607,7393
2548,3.8461,6140
2549,3.8283,6990
2550,3.7368,6476
2551,3.9435,7973
2552,3.7010,6604
2553,3.8349,5130
2554,3.7817,7594
2555,3.8236,5776
2556,3.8488,7475
2557,3.7639,7198
2558,3.7351,6532
2559,3.8024,7309
2560,3.7118,7348
2561,3.8434,7126
2562,3.6436,5724
2563,3.7365,7046
2564,3.8896,7198
2565,3.8582,5359
2566,3.8477,6432
2567,3.8424,6646
2568,3.9034,6256
2569,3.7959,7642
2570,3.8611,6273
2571,3.8105,7352
2572,3.7174,7290
2573,3.5184,6019
2574,3.7352,7480
2575,3.6521,7313
2576,3.8049,7796
2577,3.7870,7308
2578,3.7765,7243
2579,3.7002,6796
2580,3.5968,7315
2581,3.6798,7524
2582,3.5884,6277
2583,3.7677,5690
2584,3.5501,5889
2585,3.7977,7352
2586,3.6635,6794
2587,3.5839,7667
2588,3.6637,7033
2589,3.8923,6734
2590,3.6606,7418
2591,3.7905,7617
2592,3.6717,6439
2593,3.7312,7418
2594,3.6735,7038
2595,3.5939,7425
2596,3.6986,6993
2597,3.8317,7246
2598,3.9389,6456
2599,3.7221,7008
2600,3.8119,7157
2601,3.7979,6920
2602,3.7939,7190
2603,3.5543,6152
2604,3.9792,7033
2605,3.7014,7260
2606,3.6206,6083
2607,3.7068,7543
2608,3.6013,5988
2609,3.6713,7185
2610,3.6318,6935
2611,3.6377,6470
2612,3.6203,7130
2613,3.6823,6868
2614,3.7504,7274
2615,3.7615,6638
2616,3.7662,7273
2617,3.6975,6536
2618,3.7217,7227
2619,3.7505,7158
2620,3.6913,6162
2621,3.6907,7418
2622,3.6468,6986
2623,3.8676,7166
2624,3.7006,6351
2625,3.7530,7336
2626,3.7107,7544
2627,3.6297,6467
2628,3.5633,6544
2629,3.6372,7042
2630,3.4860,6227
2631,3.7228,5484
2632,3.7054,6424
2633,3.5359,6411
2634,3.7081,7375
2635,3.5836,6321
2636,3.7832,7795
2637,3.6604,6940
2638,3.6548,7250
2639,3.7145,7411
2640,3.5858,6193
2641,3.6395,6599
2642,3.7576,7098
2643,3.6566,6256
2644,3.5276,6192
2645,3.6862,6595
2646,3.7635,6911
2647,3.6665,7461
2648,3.5954,7385
2649,3.6931,6605
2650,3.7980,7542
2651,3.6800,7341
2652,3.7648,6109
2653,3.8415,7263
2654,3.6457,6474
2655,3.7572,7051
2656,3.7764,5868
2657,3.6989,7223
2658,3.7551,7005
2659,3.6902,7101
2660,3.7178,6453
2661,3.7781,6968
2662,3.6043,6315
2663,3.6379,5242
2664,3.7482,6062
2665,3.7309,6773
2666,3.7460,6698
2667,3.8804,6288
2668,3.5203,6187
2669,3.7974,7418
2670,3.7410,7416
2671,3.6169,7127
2672,3.5572,6444
2673,3.6765,6534
2674,3.7604,7024
2675,3.6381,6391
2676,3.9665,6882
2677,3.7751,6616
2678,3.7777,5245
2679,3.6534,5725
2680,3.8508,6512
2681,3.6445,7322
2682,3.7581,7147
2683,3.7255,6946
2684,3.7750,7546
2685,3.6943,6662
2686,3.9464,5875
2687,3.8159,5500
2688,3.8510,5816
2689,3.8981,7795
2690,3.7945,6938
2691,3.8600,6837
2692,3.7919,5335
2693,3.7963,6925
2694,3.9077,7670
2695,3.8634,6702
2696,3.8708,7346
2697,3.8417,7085
2698,3.7449,6674
2699,3.7891,7075
2700,3.8607,7348
2701,3.8016,7207
2702,3.8682,6317
2703,3.9197,6638
2704,3.8790,6395
2705,3.8493,7091
2706,3.8268,6926
