1,0.1887,0.0200,50
2,0.1803,0.0400,49
3,0.2240,0.0400,49
4,0.1846,0.0400,48
5,0.1652,0.0400,49
6,0.1444,0.0400,49
7,0.1657,0.0200,50
8,0.1680,0.0400,49
9,0.2074,0.0400,48
10,0.1358,0.0200,50
11,0.1778,0.0200,50
12,0.1442,0.0400,49
13,0.1431,0.0400,48
14,0.1436,0.0200,50
15,0.1466,0.0200,50
16,0.1709,0.0400,49
17,0.1831,0.0400,48
18,0.1658,0.0200,50
19,0.2147,0.0400,49
20,0.1779,0.0400,49
21,0.1842,0.0400,49
22,0.1287,0.0400,49
23,0.2113,0.1200,45
24,0.1834,0.0400,48
25,0.1562,0.0400,49
26,0.1975,0.1000,46
27,0.2486,0.1000,44
28,0.2879,0.0800,45
29,0.3027,0.1400,42
30,0.2614,0.0600,46
31,0.3719,0.1000,43
32,0.2788,0.1600,42
33,0.1896,0.0400,49
34,0.6903,0.3000,33
35,0.3291,0.1000,45
36,0.3335,0.0400,46
37,0.3180,0.0400,47
38,0.3569,0.0600,45
39,0.5560,0.1200,43
40,0.7751,0.2200,37
41,0.4649,0.0800,44
42,0.4259,0.0400,46
43,0.5753,0.1200,41
44,0.5018,0.0800,44
45,0.7843,0.1400,39
46,0.5479,0.1000,42
47,0.6962,0.0800,43
48,1.1518,0.1800,33
49,0.9257,0.2200,32
50,0.6743,0.0600,43
51,0.9084,0.2000,35
52,0.8607,0.2200,36
53,1.1504,0.4800,20
54,0.9869,0.1600,35
55,0.9845,0.3200,23
56,1.0304,0.2600,30
57,1.1166,0.4400,25
58,1.3650,0.5000,22
59,1.4526,0.5800,16
60,1.2786,0.4800,21
61,1.4525,0.5400,18
62,1.6567,0.5600,19
63,1.3272,0.3400,22
64,1.0579,0.4400,25
65,2.0827,0.6000,13
66,2.1684,0.6400,13
67,2.1122,0.6000,7
68,1.3513,0.5200,18
69,3.0169,0.6000,12
70,3.1838,0.7400,10
71,2.3684,0.6800,10
72,1.9149,0.5800,18
73,1.9564,0.5800,16
74,2.3664,0.6400,14
75,2.1671,0.7000,11
76,2.0988,0.6800,12
77,1.4533,0.5400,16
78,1.5211,0.6200,18
79,1.5677,0.5600,12
80,2.7039,0.5800,12
81,2.2534,0.6600,11
82,2.1443,0.6000,15
83,1.8629,0.5600,16
84,1.9378,0.5800,15
85,2.1884,0.6800,8
86,2.4589,0.5600,12
87,2.3443,0.6000,10
88,1.5907,0.6400,11
89,2.1896,0.5600,12
90,2.4170,0.5800,13
91,2.0700,0.6200,10
92,1.4581,0.5800,15
93,1.6031,0.5000,15
94,1.9070,0.5400,15
95,1.6841,0.6200,11
96,1.6688,0.4400,10
97,1.5492,0.6000,14
98,1.4368,0.5000,14
99,1.1966,0.5000,15
100,1.3910,0.6800,11
101,1.1451,0.4400,16
102,2.1117,0.6800,9
103,1.2559,0.5600,16
104,1.1367,0.5200,14
105,1.4692,0.6400,12
106,1.0656,0.6200,11
107,1.3401,0.5800,17
108,1.5238,0.4800,15
109,1.1341,0.6600,15
110,1.2585,0.4600,12
111,1.5650,0.4400,16
112,1.4643,0.4200,13
113,1.1300,0.5600,18
114,1.3623,0.3800,13
115,1.1271,0.4800,19
116,0.9873,0.5600,13
117,1.2395,0.4800,15
118,1.4611,0.6000,14
119,1.0869,0.5200,16
120,1.5765,0.5400,20
121,1.3664,0.4200,18
122,1.4181,0.4600,15
123,1.5803,0.6400,11
124,1.8161,0.6200,14
125,1.3293,0.5400,16
126,1.4966,0.4400,17
127,1.7083,0.5400,17
128,1.7710,0.6200,15
129,1.5573,0.5000,16
130,1.3742,0.4000,14
131,1.6063,0.4400,16
132,1.3798,0.6200,13
133,1.4608,0.5600,14
134,1.7375,0.5800,11
135,1.4453,0.6200,12
136,1.6148,0.4400,18
137,1.2908,0.5000,12
138,0.8588,0.3000,11
139,0.9936,0.4200,16
140,1.0475,0.6200,15
141,1.4629,0.5000,16
142,1.3210,0.4600,17
143,1.1592,0.4600,21
144,1.0423,0.4800,17
145,1.5832,0.5400,11
146,1.3737,0.4200,14
147,1.1643,0.5000,17
148,1.3495,0.5600,18
149,1.3140,0.4800,16
150,1.2328,0.4600,21
151,1.3669,0.5000,15
152,1.5019,0.4600,18
153,1.1710,0.5200,16
154,0.9454,0.5400,17
155,1.2808,0.3000,21
156,1.2135,0.4000,19
157,1.0298,0.4600,18
158,1.2109,0.3800,17
159,1.2969,0.4000,22
160,1.1936,0.4000,19
161,1.0312,0.4400,22
162,1.2100,0.4000,14
163,1.2883,0.3400,17
164,1.1456,0.4400,23
165,1.4562,0.5200,17
166,1.2348,0.4800,19
167,1.3653,0.4600,13
168,1.1798,0.4200,19
169,1.3594,0.4400,17
170,1.2752,0.4600,18
171,1.1779,0.5600,16
172,1.0627,0.4000,17
173,1.2610,0.5200,19
174,1.4266,0.5000,18
175,1.3101,0.4800,20
176,1.2716,0.5200,17
177,1.2497,0.5200,12
178,1.2118,0.5800,14
179,1.4112,0.5600,16
180,1.3012,0.4800,16
181,1.1873,0.4200,18
182,1.1220,0.4600,15
183,1.3782,0.4600,17
184,1.2227,0.4000,20
185,0.9361,0.3800,23
186,1.2622,0.5000,19
187,1.0698,0.4800,17
188,1.0478,0.4000,19
189,1.1103,0.3400,22
190,0.9893,0.4000,18
191,1.1879,0.4000,18
192,1.4082,0.5200,17
193,1.0540,0.4800,19
194,1.0328,0.4000,21
195,1.0243,0.3400,23
196,1.1047,0.3600,23
197,0.9835,0.3400,17
198,0.8889,0.2000,19
199,1.1130,0.3200,24
200,1.0751,0.2800,18
201,0.8527,0.2600,26
202,0.9021,0.3600,15
203,1.4751,0.5600,16
204,0.9776,0.4200,19
205,0.8644,0.2800,23
206,1.0285,0.2600,24
207,1.0247,0.3200,22
208,0.9762,0.3200,19
209,0.9159,0.4000,21
210,1.0065,0.5000,19
211,1.3496,0.4800,18
212,0.9378,0.4400,19
213,1.0279,0.4200,19
214,1.0849,0.4000,24
215,0.9591,0.4000,17
216,1.2034,0.3800,25
217,1.1153,0.4600,19
218,1.3550,0.4400,18
219,1.2875,0.6000,14
220,1.1585,0.4000,24
221,1.2609,0.5600,15
222,0.9380,0.4200,22
223,1.1703,0.4600,16
224,1.1863,0.4600,19
225,1.1920,0.5000,17
226,1.2992,0.5200,16
227,0.9719,0.4600,20
228,0.9867,0.4200,21
229,0.7115,0.4000,18
230,1.4164,0.4600,13
231,0.8328,0.3200,23
232,0.6767,0.4800,20
233,1.0098,0.3600,18
234,0.7006,0.3800,25
235,1.0408,0.3400,24
236,0.7423,0.2800,29
237,0.8825,0.4000,21
238,1.1735,0.4000,19
239,1.0588,0.3600,26
240,1.0007,0.4000,24
241,0.8348,0.3800,20
242,0.8080,0.4600,20
243,0.9736,0.3800,19
244,0.9858,0.5000,18
245,1.2683,0.4600,18
246,1.0532,0.4000,20
247,1.1353,0.4800,19
248,0.9893,0.4200,16
249,0.9138,0.4600,20
250,1.3395,0.4800,13
251,0.9802,0.5000,19
252,0.8119,0.3800,23
253,1.0285,0.4600,19
254,1.0501,0.5000,24
255,1.2876,0.5600,16
256,1.0835,0.3800,22
257,1.1059,0.4000,24
258,1.0181,0.4000,21
259,0.8160,0.3200,23
260,1.0495,0.4800,16
261,0.9268,0.3800,23
262,1.1143,0.5000,19
263,0.7730,0.2800,25
264,0.8627,0.2000,28
265,0.7521,0.2800,25
266,1.0000,0.1800,28
267,0.7378,0.3600,16
268,0.7029,0.3200,24
269,0.9557,0.3400,16
270,0.8643,0.2800,22
271,1.1432,0.3400,21
272,1.0511,0.3600,18
273,1.2457,0.5400,18
274,1.1091,0.4000,23
275,0.7810,0.3000,29
276,0.9407,0.4000,22
277,0.8458,0.2600,27
278,0.9740,0.2400,29
279,0.8279,0.3800,24
280,0.8836,0.4400,22
281,0.8756,0.3000,22
282,0.8621,0.4600,18
283,0.8900,0.2400,28
284,0.7753,0.4000,19
285,1.1063,0.3400,19
286,1.1551,0.4600,12
287,0.8338,0.4200,20
288,1.0742,0.3800,22
289,1.0487,0.3800,24
290,1.0303,0.4200,20
291,0.9838,0.3800,22
292,1.1710,0.3600,21
293,0.9019,0.3400,16
294,0.9339,0.4000,22
295,1.0608,0.2600,24
296,1.1031,0.3400,25
297,0.9351,0.2800,24
298,0.9914,0.2200,26
299,1.0047,0.3000,24
300,0.6895,0.3200,20
301,0.8432,0.3800,16
302,0.6965,0.3000,23
303,1.0299,0.3800,23
304,0.9832,0.2200,28
305,1.0430,0.4200,17
306,1.0731,0.3800,20
307,0.8625,0.3200,26
308,1.2173,0.3400,27
309,1.0906,0.5600,20
310,0.7695,0.4200,22
311,1.0664,0.4400,18
312,0.8003,0.3800,24
313,0.5929,0.4400,21
314,0.8946,0.5800,17
315,0.7626,0.4200,20
316,0.7876,0.5000,20
317,0.8717,0.2800,24
318,0.8634,0.4600,22
319,1.0826,0.4400,19
320,0.9822,0.4000,17
321,0.8255,0.5000,15
322,0.9270,0.3000,22
323,0.7322,0.3200,24
324,1.0054,0.3800,21
325,1.0004,0.4400,12
326,1.0133,0.3600,22
327,0.8175,0.3400,29
328,0.8661,0.2600,28
329,1.1312,0.3200,28
330,0.9501,0.2400,20
331,1.1565,0.4400,21
332,1.2359,0.3600,22
333,0.8722,0.4200,27
334,0.8832,0.4400,17
335,0.9058,0.4800,21
336,0.9553,0.5000,17
337,0.8189,0.4800,18
338,0.7145,0.4000,21
339,0.6969,0.3000,27
340,0.8407,0.4600,24
341,1.0252,0.3800,19
342,0.8468,0.2000,27
343,0.9652,0.4400,20
344,0.9378,0.2800,31
345,1.0888,0.4400,20
346,0.8431,0.3600,18
347,0.9462,0.2600,25
348,0.9913,0.3800,25
349,1.0044,0.5200,15
350,0.9041,0.2800,24
351,0.7525,0.2200,28
352,0.9741,0.5000,17
353,0.6741,0.2000,25
354,0.7924,0.4000,28
355,0.8660,0.3400,21
356,1.0444,0.1800,28
357,1.0546,0.4000,18
358,1.0399,0.4000,22
359,0.7495,0.1200,34
360,0.6134,0.2000,33
361,0.8145,0.3400,24
362,1.0550,0.1800,30
363,1.0441,0.4000,23
364,0.7829,0.2400,26
365,0.8353,0.2000,27
366,0.7736,0.4600,22
367,1.0967,0.3600,21
368,0.8607,0.3000,23
369,0.8138,0.2800,27
370,1.0623,0.4200,18
371,0.7074,0.2200,30
372,0.9721,0.4600,19
373,0.8585,0.3800,23
374,0.8698,0.4400,20
375,1.1402,0.4400,15
376,1.2515,0.5000,14
377,0.9601,0.4400,24
378,0.9950,0.4000,22
379,0.8763,0.4600,19
380,0.9272,0.2600,29
381,0.8401,0.3800,22
382,1.0252,0.3000,27
383,0.9269,0.3200,23
384,0.7170,0.2400,26
385,0.7645,0.4400,20
386,0.7297,0.3800,25
387,0.7303,0.2600,21
388,0.8692,0.2800,26
389,1.1166,0.4400,16
390,0.8112,0.2600,22
391,0.8192,0.2800,25
392,0.8378,0.4400,17
393,0.8001,0.2200,29
394,0.8485,0.3800,20
395,1.0276,0.2800,26
396,0.9019,0.2000,32
397,0.6785,0.3000,30
398,0.7592,0.3600,24
399,0.8490,0.4600,18
400,1.0635,0.4800,17
401,0.7459,0.3400,24
402,0.7720,0.4200,24
403,0.7628,0.4600,18
404,0.6993,0.3400,25
405,0.8971,0.3600,21
406,0.9053,0.3800,23
407,0.9081,0.3800,25
408,1.1520,0.4400,18
409,1.0929,0.4000,20
410,0.9670,0.3600,25
411,0.7869,0.1600,31
412,0.8753,0.2400,24
413,0.8645,0.4000,25
414,0.8838,0.3400,28
415,0.9348,0.2400,29
416,1.1523,0.4400,21
417,0.8160,0.3200,23
418,0.7563,0.2800,26
419,0.6882,0.3600,24
420,0.8052,0.3000,20
421,0.6386,0.2400,30
422,0.8516,0.2400,27
423,0.8142,0.1800,25
424,0.8399,0.3000,25
425,0.7819,0.2800,28
426,0.8666,0.3600,29
427,1.2983,0.3200,20
428,0.7529,0.2800,21
429,1.0565,0.5800,13
430,0.8272,0.4000,20
431,0.7446,0.3000,20
432,0.9070,0.4000,18
433,0.7618,0.3200,27
434,0.8837,0.3800,19
435,1.3563,0.4200,6
436,0.8526,0.4000,17
437,0.8254,0.3400,26
438,0.6563,0.3400,26
439,0.8424,0.3800,21
440,0.7764,0.3200,24
441,0.8170,0.2800,26
442,0.7959,0.3200,26
443,1.0667,0.4600,6
444,1.0074,0.2800,29
445,0.8909,0.3200,29
446,1.0367,0.3800,24
447,0.9944,0.3800,21
448,1.1231,0.3800,26
449,0.8785,0.3400,26
450,0.7004,0.3800,23
451,0.6038,0.2200,25
452,0.7608,0.2200,24
453,0.7313,0.3200,27
454,0.7315,0.3200,26
455,0.5478,0.1800,23
456,0.5324,0.2400,29
457,0.8292,0.3000,22
458,0.6369,0.4000,22
459,0.7554,0.3600,25
460,0.8723,0.4200,21
461,0.8709,0.3600,22
462,1.0276,0.3400,22
463,0.8525,0.3800,23
464,0.8062,0.5200,18
465,0.8152,0.3200,24
466,0.7019,0.2000,25
467,0.9658,0.3000,18
468,0.7640,0.3000,30
469,0.9651,0.3400,20
470,0.7862,0.3400,23
471,0.8572,0.3400,27
472,1.1093,0.4400,21
473,1.0746,0.2800,24
474,0.9353,0.2800,23
475,1.2914,0.5200,19
476,1.1043,0.3600,22
477,0.8816,0.3000,26
478,0.9018,0.2600,23
479,0.7204,0.2200,28
480,0.7852,0.2400,22
481,0.8199,0.1800,24
482,0.5188,0.2600,32
483,0.7681,0.1600,30
484,0.6671,0.1400,32
485,0.7054,0.2200,27
486,0.7690,0.2800,24
487,0.8547,0.2400,28
488,0.8251,0.2600,25
489,0.7399,0.4200,21
490,0.8819,0.3600,22
491,0.9772,0.4400,25
492,1.0922,0.4800,11
493,1.1026,0.5000,18
494,0.8239,0.4200,25
495,0.7583,0.3400,24
496,0.7602,0.4400,20
497,0.7401,0.3200,21
498,0.8542,0.3600,19
499,0.7568,0.3400,20
500,0.8360,0.2800,27
501,0.8553,0.3400,25
502,0.8673,0.2000,31
503,0.8718,0.2600,30
504,0.9126,0.2400,33
505,0.7971,0.2800,24
506,0.9348,0.2800,28
507,0.9650,0.4000,27
508,0.9400,0.3800,23
509,1.0332,0.3600,26
510,0.8350,0.2800,29
511,0.6598,0.3600,23
512,1.3116,0.4800,15
513,0.7850,0.3800,18
514,0.8243,0.3400,24
515,0.7628,0.3800,20
516,0.7284,0.2000,27
517,0.5972,0.2400,24
518,0.8667,0.3000,28
519,0.9363,0.2200,28
520,0.6981,0.4800,17
521,0.8211,0.2800,22
522,0.5807,0.2800,22
523,0.8282,0.4400,23
524,0.7807,0.3800,23
525,0.8817,0.2600,27
526,0.9119,0.4000,18
527,0.7642,0.4400,20
528,0.7425,0.4200,20
529,0.8435,0.4200,23
530,0.9730,0.4400,20
531,0.9403,0.4600,19
532,0.8856,0.4000,21
533,0.7627,0.3400,29
534,0.9244,0.4400,25
535,0.8453,0.3800,19
536,0.9011,0.4600,20
537,0.8271,0.3800,20
538,0.7452,0.3000,26
539,0.8493,0.1600,29
540,0.7218,0.3000,25
541,0.7432,0.2600,23
542,0.7613,0.3000,25
543,0.7152,0.2800,25
544,0.7420,0.2600,24
545,0.8128,0.2800,26
546,0.7871,0.2000,26
547,0.7542,0.3200,24
548,0.7147,0.2600,26
549,0.7857,0.3200,28
550,0.7527,0.3600,26
551,0.8815,0.5000,14
552,0.7540,0.3000,25
553,1.0052,0.4000,23
554,0.8698,0.3600,24
555,0.7203,0.2800,29
556,0.8197,0.3400,29
557,1.1261,0.3800,23
558,0.8775,0.3000,25
559,0.9181,0.3400,28
560,0.8739,0.3600,21
561,1.1493,0.3800,19
562,0.7940,0.3200,24
563,0.5911,0.2600,29
564,0.8401,0.3000,30
565,0.9335,0.4800,20
566,0.7179,0.3600,24
567,0.7828,0.3400,26
568,0.8638,0.4400,14
569,0.8127,0.3000,23
570,0.7400,0.4600,21
571,1.0260,0.4200,25
572,0.9867,0.4400,20
573,1.1765,0.4200,18
574,0.9083,0.4600,18
575,0.7458,0.2800,23
576,0.8714,0.3200,23
577,0.8684,0.2000,31
578,0.8216,0.2600,28
579,0.8256,0.1600,35
580,0.6714,0.3000,27
581,0.7610,0.2400,28
582,0.5826,0.2400,27
583,0.6858,0.3000,23
584,0.7710,0.3600,19
585,1.3514,0.5600,4
586,1.0740,0.4000,18
587,0.9129,0.4000,21
588,0.8340,0.3400,24
589,1.0305,0.3800,20
590,0.9248,0.5000,16
591,0.9078,0.4200,20
592,1.0084,0.3600,23
593,0.7892,0.4000,23
594,1.0026,0.4200,22
595,0.7349,0.4600,18
596,0.7580,0.4800,22
597,0.5928,0.3200,22
598,0.8622,0.4000,19
599,0.8962,0.3200,22
600,0.7028,0.3200,26
601,0.8113,0.1800,28
602,0.8347,0.2000,25
603,0.8008,0.2400,27
604,0.5518,0.2400,26
605,0.7974,0.4200,18
606,0.7404,0.2800,25
607,0.8417,0.4200,23
608,0.8581,0.4400,20
609,1.2371,0.3800,16
610,0.8967,0.4400,24
611,0.7821,0.3600,24
612,0.9063,0.3600,25
613,0.8300,0.5400,14
614,0.9406,0.3400,22
615,0.8680,0.2400,27
616,0.6674,0.2800,31
617,0.7541,0.4200,23
618,0.7560,0.3000,24
619,0.8832,0.3400,20
620,0.8793,0.3000,27
621,0.7897,0.3600,23
622,0.7788,0.2600,32
623,0.8274,0.2800,18
624,1.0172,0.3400,24
625,0.9959,0.4000,18
626,0.8689,0.2600,21
627,0.8632,0.4200,21
628,0.8699,0.4000,22
629,0.9396,0.3200,25
630,0.8510,0.4000,20
631,1.0596,0.4800,16
632,0.7507,0.2800,30
633,0.7395,0.3800,25
634,0.7026,0.2000,28
635,0.7585,0.3400,23
636,0.7910,0.3000,27
637,0.7755,0.3600,22
638,0.6440,0.3800,22
639,0.9128,0.2400,26
640,0.8661,0.4800,16
641,0.9829,0.4000,18
642,0.6958,0.3000,33
643,0.8274,0.3000,29
644,0.7976,0.3800,24
645,0.8370,0.2800,25
646,0.7934,0.1800,26
647,0.6326,0.3200,27
648,0.6583,0.2600,28
649,0.7278,0.3800,25
650,0.8116,0.3200,24
651,1.0421,0.4400,21
652,0.8099,0.3600,26
653,0.7902,0.4400,21
654,0.9692,0.4800,19
655,0.9851,0.4000,23
656,0.8552,0.3800,22
657,0.8494,0.4000,28
658,0.7139,0.3200,30
659,0.8405,0.3400,20
660,0.9009,0.4000,21
661,1.0812,0.4000,20
662,0.9844,0.3400,21
663,0.8521,0.3800,28
664,1.0332,0.3600,20
665,0.6871,0.3800,20
666,0.7853,0.3600,23
667,0.8001,0.2400,30
668,0.8503,0.2800,27
669,0.7239,0.3200,27
670,0.8064,0.3200,23
671,0.8744,0.3000,32
672,0.7169,0.3800,24
673,0.8551,0.2200,28
674,0.7562,0.4000,23
675,0.9338,0.4400,18
676,0.8904,0.3000,23
677,1.0246,0.4800,20
678,1.0402,0.3600,19
679,0.7386,0.2400,25
680,0.7635,0.3800,20
681,0.8239,0.3400,22
682,0.6317,0.2000,31
683,0.9528,0.5800,9
684,0.8820,0.4000,22
685,0.9539,0.3600,24
686,0.9910,0.3800,24
687,0.7040,0.3400,17
688,1.6844,0.5000,4
689,0.6732,0.4200,18
690,0.8577,0.3600,28
691,0.6986,0.2000,31
692,0.6764,0.2800,27
693,0.5921,0.2200,24
694,0.7795,0.2600,23
695,0.7621,0.2000,28
696,0.7427,0.2400,28
697,0.8076,0.2400,29
698,0.8003,0.3200,24
699,0.7757,0.4600,20
700,0.9267,0.2400,30
701,0.9193,0.3400,23
702,1.1773,0.3800,16
703,0.9021,0.3000,29
704,0.7932,0.3000,24
705,1.0860,0.2200,31
706,0.8049,0.3600,21
707,0.8125,0.2800,21
708,0.7852,0.2200,27
709,0.7526,0.2600,27
710,0.6931,0.3600,21
711,0.7036,0.2000,29
712,0.8049,0.3000,24
713,0.7259,0.2800,29
714,0.6336,0.3000,29
715,1.0982,0.4200,22
716,1.1458,0.5000,8
717,1.0026,0.4800,18
718,0.9992,0.4600,20
719,0.7011,0.3000,26
720,0.8997,0.3600,25
721,0.8171,0.2400,30
722,1.0148,0.3200,23
723,0.8483,0.3000,25
724,0.9776,0.1800,24
725,0.7472,0.2800,24
726,0.8464,0.4400,21
727,0.6703,0.3000,31
728,1.0397,0.4000,19
729,0.8857,0.4000,21
730,0.7345,0.3600,26
731,0.8938,0.2600,29
732,0.9893,0.4200,20
733,0.9130,0.4000,22
734,0.9171,0.5000,18
735,0.8710,0.3000,24
736,0.8534,0.3600,20
737,0.7541,0.3600,24
738,0.6859,0.3200,22
739,0.7153,0.1600,27
740,0.9277,0.2400,22
741,0.6901,0.2600,26
742,0.7063,0.3400,22
743,0.8079,0.3400,28
744,0.6567,0.3600,26
745,0.8960,0.2200,29
746,1.0300,0.4200,25
747,0.8443,0.3800,24
748,0.8326,0.4600,20
749,0.8670,0.4200,23
750,0.9284,0.4800,20
751,0.8497,0.3000,26
752,0.6981,0.4000,28
753,0.8864,0.3400,15
754,0.7692,0.4400,24
755,0.6839,0.2200,26
756,0.6685,0.3400,25
757,0.7572,0.2400,28
758,0.7106,0.4400,20
759,0.6933,0.4000,19
760,0.9756,0.4200,20
761,0.7456,0.3400,27
762,0.7071,0.4000,20
763,0.7612,0.4400,17
764,0.9250,0.3800,25
765,0.9337,0.3600,28
766,0.9167,0.4800,21
767,0.9040,0.3000,25
768,0.9379,0.4200,25
769,0.6702,0.3400,26
770,0.7707,0.3600,26
771,0.7480,0.2000,32
772,0.8430,0.2600,27
773,0.6751,0.3600,24
774,0.9168,0.2600,24
775,0.7653,0.3600,27
776,0.8945,0.2400,28
777,0.8951,0.4200,22
778,0.6866,0.2200,30
779,0.7140,0.4000,20
780,0.8143,0.3000,24
781,0.8477,0.4000,21
782,0.8256,0.3600,22
783,0.9704,0.3000,30
784,0.7483,0.2600,24
785,0.8175,0.4200,23
786,0.8240,0.3200,22
787,0.8019,0.3600,25
788,0.7792,0.4600,19
789,0.9040,0.3600,28
790,0.8103,0.4600,23
791,0.7099,0.3800,27
792,0.7412,0.3600,24
793,0.9353,0.3800,19
794,0.8187,0.4000,26
795,0.7534,0.2600,23
796,1.0902,0.4600,21
797,0.9815,0.4000,18
798,0.7853,0.3000,25
799,0.7525,0.2200,27
800,0.7766,0.2800,24
801,0.7234,0.2200,20
802,0.7041,0.2600,23
803,0.7223,0.2400,33
804,0.6721,0.3400,23
805,0.7137,0.2800,25
806,0.6732,0.2400,32
807,0.6582,0.3800,18
808,0.7108,0.3200,27
809,1.1490,0.4800,16
810,0.8422,0.4200,21
811,0.9228,0.3800,23
812,1.0213,0.3000,23
813,0.8956,0.3000,24
814,0.7940,0.2400,27
815,0.5230,0.1200,35
816,0.8242,0.2600,30
817,0.9198,0.3800,24
818,1.0677,0.3800,17
819,0.7456,0.4200,24
820,0.6733,0.3000,29
821,0.7789,0.3600,23
822,0.7217,0.4000,25
823,0.9644,0.3600,19
824,0.7388,0.3200,25
825,0.8907,0.3600,20
826,0.6297,0.3000,26
827,0.7004,0.3600,21
828,0.7752,0.4000,21
829,0.7744,0.2800,25
830,0.9169,0.2800,21
831,0.9595,0.2800,29
832,0.6789,0.3200,27
833,0.6600,0.2000,28
834,0.7173,0.3600,20
835,0.9686,0.2000,28
836,0.6744,0.3800,24
837,0.8322,0.3200,24
838,0.8969,0.1800,35
839,0.6617,0.3000,27
840,0.6911,0.3400,27
841,0.9730,0.3400,26
842,0.8780,0.4200,25
843,0.7487,0.3800,24
844,0.7644,0.4000,23
845,0.8814,0.4000,18
846,1.2351,0.4800,18
847,0.9872,0.3600,21
848,0.7848,0.3800,22
849,0.6339,0.3200,25
850,0.7428,0.2000,24
851,0.6371,0.2400,26
852,0.9908,0.1800,31
853,0.6581,0.2400,25
854,0.7820,0.2400,29
855,0.7782,0.3000,27
856,0.7177,0.2400,29
857,0.6791,0.3600,27
858,0.7952,0.3600,22
859,0.9139,0.4600,18
860,0.8076,0.3600,21
861,0.6445,0.2600,21
862,0.6886,0.3600,21
863,0.7664,0.3400,20
864,0.9171,0.2800,29
865,0.7250,0.2800,26
866,1.0043,0.3800,20
867,0.8723,0.3200,27
868,0.8138,0.2600,31
869,0.9651,0.3800,20
870,0.7899,0.2600,27
871,0.9190,0.3000,23
872,0.8389,0.3200,26
873,0.7841,0.3000,28
874,0.6387,0.4200,25
875,0.8404,0.4000,25
876,0.8239,0.2600,31
877,0.6063,0.3400,27
878,0.8072,0.4400,21
879,0.7172,0.4200,24
880,1.0246,0.4400,19
881,0.7310,0.1000,32
882,0.5966,0.3400,24
883,0.6864,0.4000,22
884,0.5925,0.2200,33
885,0.7216,0.3600,26
886,1.1687,0.4000,15
887,0.8519,0.4200,19
888,0.8367,0.4400,22
889,0.7842,0.3800,25
890,0.7682,0.4600,24
891,0.7215,0.4400,23
892,0.8563,0.4000,25
893,0.8098,0.4200,23
894,0.7185,0.3000,28
895,0.7682,0.3000,28
896,1.0718,0.4400,13
897,0.7980,0.3200,23
898,0.6629,0.3200,31
899,0.6650,0.4200,27
900,0.8958,0.4400,22
901,0.7801,0.4200,24
902,1.0713,0.4000,24
903,0.7385,0.3200,21
904,0.9351,0.4400,16
905,0.6171,0.2800,24
906,0.6450,0.3800,22
907,0.8477,0.2600,22
908,0.8961,0.3000,28
909,0.6410,0.3200,30
910,1.6421,0.3000,14
911,0.9177,0.4000,21
912,0.7662,0.4000,23
913,0.6382,0.3800,27
914,0.8252,0.4800,17
915,0.7665,0.2400,28
916,0.8420,0.4000,25
917,0.5422,0.1600,35
918,0.9409,0.3800,22
919,0.9174,0.3800,25
920,0.7343,0.3600,25
921,1.0268,0.5000,18
922,0.9696,0.3400,22
923,0.8567,0.3400,24
924,0.9882,0.4200,9
925,0.8954,0.2800,26
926,1.0013,0.3000,15
927,0.7919,0.3800,25
928,0.7224,0.3600,23
929,0.7328,0.3200,21
930,0.9142,0.3000,14
931,0.8162,0.3800,22
932,0.7748,0.5200,18
933,0.8254,0.4200,27
934,1.0161,0.4600,19
935,0.7266,0.4000,24
936,0.8730,0.2000,27
937,0.7864,0.3000,14
938,0.7851,0.3200,22
939,0.8016,0.1600,31
940,0.8846,0.3000,25
941,0.7988,0.1400,32
942,0.6052,0.2600,27
943,1.1218,0.4200,17
944,0.8099,0.1800,25
945,0.9562,0.5000,19
946,0.6994,0.3200,25
947,0.7746,0.3000,25
948,0.8208,0.4400,23
949,0.7267,0.4200,20
950,0.6178,0.3800,22
951,0.6441,0.4000,20
952,0.5780,0.3000,29
953,0.7508,0.4000,18
954,0.8848,0.3800,25
955,0.9052,0.1600,27
956,0.8893,0.3200,25
957,0.8365,0.3600,22
958,0.7383,0.2800,29
959,0.8751,0.3400,26
960,0.8059,0.3400,26
961,0.8748,0.4600,22
962,0.7700,0.4000,26
963,0.8189,0.3400,26
964,0.9802,0.3400,24
965,0.5932,0.3000,26
966,0.7273,0.3800,26
967,0.6461,0.3000,26
968,1.3754,0.3000,13
969,0.6039,0.1800,31
970,0.7011,0.3200,27
971,0.7266,0.3800,19
972,0.7607,0.3800,26
973,0.6754,0.2400,29
974,0.6912,0.2800,30
975,0.7531,0.2400,32
976,0.6925,0.3800,24
977,0.8892,0.4000,21
978,0.9818,0.4600,20
979,0.8833,0.2800,24
980,0.6205,0.3000,18
981,0.9955,0.4200,22
982,1.1188,0.5000,10
983,1.1112,0.4600,19
984,0.9107,0.4200,21
985,0.7622,0.3400,25
986,0.8349,0.4200,23
987,0.6112,0.2200,27
988,0.7979,0.2400,25
989,0.6536,0.2000,32
990,0.8730,0.2800,28
991,0.7668,0.2800,26
992,0.6982,0.2400,27
993,0.6977,0.3800,22
994,0.7838,0.3200,24
995,0.8814,0.4000,16
996,0.6545,0.3000,26
997,0.7994,0.4200,24
998,0.8717,0.4600,19
999,0.8567,0.3000,30
1000,0.6779,0.4200,21
1001,0.7556,0.2000,31
1002,0.6289,0.3400,27
1003,0.6493,0.1400,31
1004,0.8575,0.2800,22
1005,0.8387,0.3000,27
1006,0.7295,0.2600,28
1007,0.9932,0.4800,19
1008,1.1570,0.4400,19
1009,0.8128,0.3000,28
1010,0.7393,0.3800,20
1011,1.0020,0.3600,21
1012,0.9675,0.4200,19
1013,0.8093,0.3400,23
1014,0.8539,0.4400,17
1015,0.7600,0.4200,25
1016,0.7125,0.3600,25
1017,0.9432,0.4400,19
1018,0.7024,0.3000,28
1019,0.7602,0.3000,31
1020,0.6954,0.3400,24
1021,0.8447,0.2200,28
1022,0.6546,0.2200,27
1023,0.6575,0.2200,20
1024,0.8473,0.2600,25
1025,0.6665,0.2200,27
1026,0.7983,0.3400,25
1027,0.6779,0.4200,23
1028,0.7566,0.3600,24
1029,0.7594,0.2800,23
1030,0.7987,0.3600,24
1031,0.8313,0.4800,19
1032,0.8863,0.3800,22
1033,0.8141,0.4800,19
1034,0.6927,0.3000,28
1035,0.8706,0.3200,28
1036,0.8194,0.3000,26
1037,0.8143,0.3600,24
1038,0.9751,0.4200,10
1039,0.9322,0.4600,12
1040,0.8144,0.3200,28
1041,0.6406,0.4000,19
1042,0.7247,0.3000,30
1043,0.5992,0.3200,27
1044,0.7115,0.2600,26
1045,0.7063,0.1600,29
1046,0.6605,0.1600,35
1047,0.8367,0.0800,31
1048,0.6658,0.2400,24
1049,0.7187,0.3200,28
1050,0.7780,0.2800,26
1051,0.7312,0.4200,21
1052,0.6225,0.2600,34
1053,0.9387,0.3200,22
1054,0.7349,0.3000,18
1055,0.8475,0.4200,20
1056,0.5439,0.3800,26
1057,0.6420,0.3600,23
1058,1.3793,0.3200,13
1059,0.7275,0.3000,25
1060,0.9213,0.3200,25
1061,0.7646,0.3800,25
1062,0.6219,0.3200,30
1063,0.9634,0.4200,24
1064,0.7405,0.3000,23
1065,1.0855,0.5200,7
1066,0.8665,0.4200,19
1067,0.6380,0.1800,26
1068,0.8923,0.3000,25
1069,0.5012,0.1400,32
1070,0.7850,0.3200,20
1071,0.7239,0.2000,25
1072,0.6864,0.4000,20
1073,0.7147,0.2400,27
1074,0.7657,0.3600,23
1075,0.5681,0.1800,30
1076,0.7189,0.2000,27
1077,0.7900,0.3800,23
1078,0.8601,0.4400,20
1079,0.6963,0.4200,23
1080,0.7539,0.3000,29
1081,0.8413,0.4600,16
1082,0.8824,0.3400,21
1083,0.6971,0.4200,25
1084,0.7380,0.2800,29
1085,0.8766,0.3800,26
1086,0.6975,0.2800,29
1087,0.8360,0.3800,27
1088,0.7779,0.3600,27
1089,1.6359,0.5200,7
1090,1.3259,0.4800,16
1091,1.1162,0.3200,26
1092,0.7320,0.2400,27
1093,1.8157,0.4000,11
1094,0.8377,0.3400,26
1095,0.6980,0.3800,23
1096,0.7392,0.2800,23
1097,0.5935,0.1000,35
1098,0.8141,0.2000,31
1099,0.6324,0.1400,28
1100,1.3474,0.4000,10
1101,0.7302,0.1800,35
1102,0.6176,0.1400,32
1103,0.6484,0.3000,24
1104,0.5536,0.4200,24
1105,0.6233,0.3400,27
1106,0.5003,0.3400,23
1107,0.8816,0.3000,23
1108,0.9700,0.4600,20
1109,0.9267,0.3400,23
1110,0.7961,0.2400,30
1111,1.0847,0.4400,19
1112,0.8192,0.4200,21
1113,0.8224,0.3600,22
1114,0.7206,0.3200,30
1115,0.8182,0.4400,21
1116,0.9219,0.3000,27
1117,0.9760,0.4000,22
1118,0.7517,0.3000,23
1119,0.8859,0.3200,26
1120,0.8071,0.4600,18
1121,0.7127,0.3200,28
1122,0.7595,0.2200,27
1123,0.8728,0.4200,17
1124,1.0762,0.2800,16
1125,0.7963,0.3400,21
1126,1.1717,0.3000,16
1127,0.8852,0.4000,24
1128,0.9453,0.4000,22
1129,0.6256,0.4000,22
1130,0.8461,0.4200,26
1131,0.6799,0.3600,22
1132,0.7763,0.2800,25
1133,0.7219,0.3000,26
1134,0.7763,0.3600,18
1135,0.7019,0.2800,27
1136,0.7852,0.4000,25
1137,0.7492,0.3400,25
1138,0.8742,0.2200,28
1139,0.7825,0.1600,33
1140,0.7842,0.1800,33
1141,0.6619,0.2800,29
1142,0.7961,0.1800,25
1143,0.6461,0.3200,31
1144,0.8842,0.4200,18
1145,0.8535,0.4000,26
1146,0.8107,0.3800,22
1147,0.7998,0.4600,18
1148,0.8028,0.3600,21
1149,0.7574,0.3400,23
1150,0.7147,0.1400,30
1151,0.6884,0.4400,21
1152,0.7396,0.2600,28
1153,0.9399,0.4200,19
1154,0.8460,0.3400,18
1155,0.8586,0.3200,23
1156,0.7768,0.3200,28
1157,1.0178,0.3800,20
1158,0.8765,0.4000,24
1159,1.4240,0.5600,9
1160,0.5479,0.3600,26
1161,1.1055,0.5800,16
1162,0.8377,0.3400,25
1163,0.5854,0.3800,21
1164,0.5399,0.2400,31
1165,0.6857,0.3600,23
1166,0.8147,0.3800,26
1167,0.8204,0.2800,21
1168,0.8835,0.4200,23
1169,0.8524,0.2800,31
1170,0.5849,0.3800,21
1171,1.0411,0.3600,24
1172,0.6769,0.3600,22
1173,0.7015,0.2000,33
1174,0.6236,0.1800,30
1175,0.7592,0.3400,18
1176,0.7179,0.4200,21
1177,0.6456,0.3200,25
1178,0.5249,0.3400,25
1179,0.6907,0.3800,25
1180,0.5444,0.3000,33
1181,0.5264,0.2200,34
1182,1.0494,0.4600,17
1183,0.8109,0.3600,20
1184,0.8708,0.2600,26
1185,1.0141,0.3600,22
1186,1.0068,0.3600,22
1187,0.9769,0.4400,23
1188,0.7151,0.4200,24
1189,0.6741,0.3600,25
1190,0.6402,0.3600,24
1191,0.8451,0.3800,23
1192,0.7754,0.4600,20
1193,0.8412,0.3800,25
1194,0.8290,0.4800,16
1195,0.7762,0.3800,20
1196,0.8558,0.3200,29
1197,0.6622,0.2800,25
1198,0.6863,0.4600,19
1199,0.8877,0.4800,23
1200,0.8752,0.3200,24
1201,0.8141,0.2600,28
1202,0.7254,0.2600,27
1203,0.7543,0.1200,28
1204,0.7858,0.1200,32
1205,0.8313,0.3000,24
1206,0.7961,0.2000,19
1207,1.0100,0.3600,27
1208,0.8337,0.3000,26
1209,1.2425,0.5400,7
1210,0.7304,0.3800,21
1211,0.6701,0.3400,27
1212,1.2112,0.5200,8
1213,0.7738,0.4600,23
1214,0.6983,0.3600,24
1215,0.7614,0.4400,21
1216,0.8472,0.4400,22
1217,0.6487,0.2600,26
1218,0.9830,0.5600,15
1219,0.6410,0.4400,23
1220,0.5974,0.1800,33
1221,0.8307,0.4000,22
1222,0.7995,0.2200,24
1223,0.7609,0.2600,29
1224,0.6323,0.3000,29
1225,0.7690,0.1800,31
1226,0.6488,0.2800,25
1227,0.8816,0.1600,31
1228,0.6949,0.2800,29
1229,0.9659,0.3800,26
1230,0.5854,0.4000,24
1231,0.5722,0.2200,31
1232,0.7453,0.2000,27
1233,0.7576,0.2800,28
1234,0.8206,0.3400,29
1235,0.9906,0.1600,35
1236,0.9907,0.3200,25
1237,0.8158,0.4200,22
1238,1.1420,0.5000,21
1239,0.6856,0.4000,25
1240,1.7189,0.5800,9
1241,0.7679,0.3200,26
1242,0.6670,0.2000,31
1243,0.6137,0.1600,26
1244,0.7086,0.2200,27
1245,0.6525,0.3400,24
1246,0.6578,0.2600,27
1247,0.7381,0.4600,23
1248,0.9284,0.1200,32
1249,0.6965,0.3000,23
1250,0.5804,0.2600,27
1251,0.6688,0.2400,32
1252,0.8672,0.3600,24
1253,0.8955,0.4400,24
1254,0.7854,0.3400,23
1255,0.7280,0.3000,22
1256,0.8246,0.1800,27
1257,1.2607,0.4200,14
1258,1.0353,0.4600,19
1259,0.8768,0.3000,26
1260,0.7980,0.3200,25
1261,0.7877,0.3200,29
1262,0.6154,0.3400,25
1263,0.8446,0.5200,19
1264,1.0597,0.4200,21
1265,0.5525,0.2800,22
1266,0.6673,0.3400,24
1267,0.5497,0.4200,19
1268,0.6047,0.4000,21
1269,0.6781,0.3000,25
1270,0.5748,0.1600,26
1271,0.6248,0.1600,27
1272,0.9895,0.2200,16
1273,0.6455,0.3400,9
1274,0.9833,0.2000,27
1275,0.8122,0.4400,21
1276,0.7133,0.3800,25
1277,0.9586,0.3600,24
1278,0.8025,0.3400,26
1279,0.7824,0.1600,28
1280,0.8623,0.3600,20
1281,0.7954,0.2000,32
1282,0.7089,0.1800,33
1283,0.7222,0.4000,25
1284,0.9497,0.2800,26
1285,0.8284,0.3600,21
1286,0.9930,0.3600,27
1287,0.7448,0.3800,22
1288,0.9070,0.3800,23
1289,0.9664,0.5400,16
1290,0.8564,0.3600,22
1291,0.7419,0.3800,26
1292,0.9643,0.4800,8
1293,0.7591,0.3400,21
1294,0.8110,0.4000,22
1295,0.7348,0.4600,22
1296,0.6193,0.3600,20
1297,0.9056,0.4200,19
1298,0.6792,0.3200,27
1299,0.7445,0.2800,25
1300,0.7805,0.3600,21
1301,0.5386,0.3800,25
1302,0.7604,0.2200,25
1303,0.9941,0.4200,20
1304,0.7414,0.3200,25
1305,0.9634,0.2400,29
1306,0.7233,0.1800,32
1307,0.8208,0.3800,17
1308,0.8199,0.2000,27
1309,0.8766,0.3600,24
1310,1.0207,0.4600,18
1311,0.6685,0.3600,23
1312,1.2185,0.4600,14
1313,0.8596,0.5200,20
1314,0.8294,0.2200,29
1315,0.9673,0.4400,16
1316,0.7875,0.3800,20
1317,0.7038,0.3400,27
1318,0.7031,0.5000,18
1319,0.6611,0.2800,28
1320,0.8274,0.3000,27
1321,0.6785,0.3400,29
1322,0.7400,0.3400,26
1323,0.8217,0.3800,24
1324,0.6095,0.3800,26
1325,0.7281,0.2800,27
1326,0.8359,0.4200,20
1327,0.7250,0.2200,29
1328,0.7011,0.2800,23
1329,0.8002,0.3400,19
1330,0.8285,0.2800,27
1331,0.5343,0.3400,27
1332,0.9361,0.2600,24
1333,0.8257,0.4200,20
1334,0.6077,0.3000,29
1335,0.7309,0.5200,19
1336,0.5721,0.5400,18
1337,0.7839,0.5000,19
1338,0.6736,0.3800,18
1339,0.8541,0.3800,22
1340,0.8416,0.5000,18
1341,0.8935,0.5200,17
1342,1.0247,0.4800,19
1343,0.9643,0.3200,26
1344,0.8002,0.3200,24
1345,0.6724,0.0800,31
1346,0.7893,0.1800,26
1347,0.8236,0.1800,26
1348,0.9126,0.0800,33
1349,0.9054,0.3200,22
1350,0.7867,0.2800,26
1351,0.7943,0.3400,22
1352,0.9123,0.4200,18
1353,0.8493,0.2800,27
1354,0.6539,0.3800,23
1355,0.7578,0.3400,25
1356,0.7855,0.2800,19
1357,0.4852,0.2600,30
1358,0.7760,0.2600,29
1359,0.8136,0.1600,24
1360,0.8331,0.1800,23
1361,0.6007,0.2000,31
1362,0.7710,0.4000,15
1363,0.8141,0.3600,26
1364,0.8100,0.3800,24
1365,0.7569,0.3800,20
1366,0.6526,0.2800,27
1367,0.5798,0.3600,24
1368,0.6899,0.3200,30
1369,0.8090,0.3000,27
1370,0.7605,0.3800,22
1371,0.9155,0.4200,19
1372,0.7557,0.2800,23
1373,0.8628,0.3200,23
1374,0.8013,0.3600,29
1375,0.9183,0.2400,28
1376,0.8586,0.2800,27
1377,0.6988,0.3200,28
1378,0.6197,0.3200,26
1379,0.7663,0.3800,24
1380,0.8077,0.4000,22
1381,0.7354,0.4200,22
1382,0.7302,0.3000,20
1383,0.6494,0.2200,27
1384,0.9728,0.3200,13
1385,0.9791,0.2400,19
1386,0.8078,0.4200,20
1387,0.6802,0.2600,29
1388,0.8598,0.3000,22
1389,0.8127,0.3800,23
1390,0.9211,0.4000,22
1391,0.8255,0.4000,24
1392,0.7102,0.3200,24
1393,0.9774,0.5000,16
1394,0.8647,0.4000,23
1395,0.6571,0.4000,22
1396,0.6423,0.3400,27
1397,0.9456,0.5000,18
1398,0.8432,0.3800,23
1399,0.6109,0.2800,28
1400,0.9647,0.1800,30
1401,0.8741,0.3200,27
1402,0.5961,0.1800,29
1403,0.9303,0.2000,27
1404,0.7192,0.4000,21
1405,0.7308,0.3400,31
1406,0.6265,0.3600,28
1407,0.8960,0.4600,21
1408,0.5266,0.3200,25
1409,0.9231,0.3600,24
1410,0.7696,0.4800,18
1411,0.7451,0.3600,23
1412,0.6589,0.2400,27
1413,0.7553,0.3000,25
1414,0.7139,0.4200,24
1415,0.7928,0.4200,21
1416,0.7013,0.3800,22
1417,0.7690,0.3000,26
1418,0.8846,0.3800,20
1419,0.5127,0.3000,24
1420,0.8996,0.3600,29
1421,0.8362,0.3600,22
1422,0.9752,0.4200,19
1423,1.1984,0.5600,7
1424,0.7500,0.3200,20
1425,0.7086,0.3400,24
1426,0.6160,0.3200,20
1427,0.8072,0.2400,28
1428,0.6806,0.2000,29
1429,0.6971,0.3000,22
1430,0.7254,0.2200,24
1431,0.7169,0.3400,22
1432,0.8841,0.3200,29
1433,0.7113,0.4800,17
1434,1.0078,0.3600,18
1435,0.8749,0.4600,21
1436,0.8126,0.4400,22
1437,0.6163,0.4000,17
1438,0.7481,0.3400,25
1439,0.6168,0.2400,21
1440,1.6560,0.5000,4
1441,0.8344,0.3400,23
1442,0.7936,0.4400,24
1443,0.6972,0.3400,25
1444,0.8364,0.2600,25
1445,0.7116,0.3800,17
1446,0.7733,0.4200,21
1447,0.9048,0.2800,17
1448,0.7139,0.3600,22
1449,0.8087,0.3400,25
1450,0.6544,0.2400,27
1451,1.1154,0.4200,20
1452,0.5135,0.2400,27
1453,0.8629,0.3800,21
1454,1.0222,0.3000,20
1455,0.8762,0.4400,20
1456,0.7674,0.3800,23
1457,0.8557,0.2800,24
1458,0.7180,0.3800,22
1459,0.5780,0.3400,27
1460,0.7875,0.3200,25
1461,0.7956,0.4600,17
1462,0.7824,0.2800,25
1463,0.6391,0.2800,30
1464,0.9022,0.2600,24
1465,0.7311,0.3600,25
1466,0.6149,0.2400,29
1467,0.8774,0.4600,20
1468,0.6080,0.2600,26
1469,0.7362,0.3800,23
1470,0.8157,0.5600,14
1471,0.9043,0.3200,22
1472,0.9993,0.5200,15
1473,0.8520,0.4800,14
1474,0.8934,0.5000,20
1475,0.7534,0.3800,23
1476,0.7467,0.4600,20
1477,0.6160,0.3800,25
1478,0.6923,0.3800,22
1479,0.4914,0.3600,23
1480,0.5882,0.3400,25
1481,0.4432,0.4000,21
1482,0.6065,0.1800,27
1483,0.6013,0.2600,27
1484,0.5706,0.3000,31
1485,0.6215,0.3800,18
1486,0.5638,0.4400,23
1487,0.5734,0.4000,26
1488,0.7674,0.4600,19
1489,0.6602,0.6200,16
1490,0.7727,0.5000,17
1491,0.9806,0.4200,15
1492,0.8682,0.4600,14
1493,0.8339,0.4200,19
1494,0.6601,0.3600,21
1495,0.6526,0.4000,21
1496,0.7749,0.5200,22
1497,0.6684,0.2600,28
1498,0.5612,0.3400,22
1499,0.5989,0.2200,28
1500,0.7545,0.3200,25
1501,0.6505,0.3200,23
1502,0.6883,0.3000,27
1503,0.7330,0.4000,9
1504,0.6319,0.2600,29
1505,0.7623,0.3800,21
1506,0.7838,0.2600,27
1507,0.6070,0.1800,18
1508,0.7254,0.2800,21
1509,0.8227,0.2600,22
1510,0.6436,0.3200,28
1511,0.6717,0.3600,22
1512,1.0610,0.3800,8
1513,0.6056,0.3800,22
1514,0.7537,0.4600,18
1515,0.6201,0.4000,23
1516,0.8925,0.3600,20
1517,0.7932,0.4200,22
1518,0.6239,0.2200,27
1519,0.7685,0.3800,23
1520,0.6473,0.3600,26
1521,0.7167,0.2600,30
1522,0.8042,0.4000,23
1523,0.6873,0.3200,26
1524,0.5368,0.2400,26
1525,0.5446,0.1400,28
1526,0.5392,0.2200,32
1527,0.5523,0.3200,28
1528,0.8361,0.3000,24
1529,0.7084,0.2600,29
1530,0.6065,0.2800,25
1531,0.7853,0.3000,18
1532,0.7987,0.2400,26
1533,0.8991,0.4400,18
1534,0.5992,0.3200,21
1535,0.6996,0.2800,27
1536,1.0182,0.5400,14
1537,0.7473,0.3800,20
1538,0.6257,0.2800,29
1539,0.6294,0.3200,22
1540,0.6140,0.4000,20
1541,0.7086,0.3800,22
1542,0.5741,0.2000,33
1543,0.6646,0.2000,25
1544,0.6937,0.3800,24
1545,0.7384,0.3000,25
1546,0.5942,0.3000,21
1547,0.6305,0.1200,33
1548,0.5575,0.1400,33
1549,0.6256,0.1200,29
1550,0.5554,0.2200,28
1551,0.5643,0.1000,32
1552,0.5664,0.2200,29
1553,0.6657,0.2000,27
1554,0.5739,0.2600,22
1555,0.5840,0.3200,23
1556,0.5240,0.4000,24
1557,0.4740,0.5200,24
1558,0.5605,0.4800,17
1559,0.9272,0.4200,20
1560,1.1257,0.6000,15
1561,0.9369,0.4400,23
1562,0.9108,0.4400,25
1563,0.9401,0.3400,24
1564,0.9917,0.3800,25
1565,0.8122,0.1000,31
1566,0.7140,0.1800,24
1567,0.7707,0.1600,33
1568,0.8968,0.2400,30
1569,0.7239,0.3800,22
1570,0.6744,0.1800,30
1571,0.6654,0.3200,26
1572,0.9477,0.1800,32
1573,0.8383,0.2800,26
1574,0.7740,0.2200,27
1575,0.8422,0.2200,28
1576,0.7597,0.2200,29
1577,1.3120,0.4200,9
1578,0.8529,0.1400,27
1579,0.9589,0.3400,24
1580,0.8664,0.1400,28
1581,0.6378,0.2800,29
1582,0.7301,0.3200,25
1583,0.7793,0.2600,26
1584,0.8460,0.2800,23
1585,0.5824,0.2800,27
1586,1.0405,0.3800,20
1587,0.7662,0.3200,20
1588,0.5883,0.3000,28
1589,0.8584,0.3400,23
1590,0.7371,0.1400,33
1591,0.8074,0.3600,24
1592,0.6416,0.2200,29
1593,0.9052,0.1600,23
1594,0.6712,0.2200,28
1595,0.8189,0.1200,30
1596,0.7546,0.3400,24
1597,0.7048,0.2800,22
1598,0.7537,0.2600,29
1599,0.6774,0.2400,26
1600,0.6316,0.3200,24
1601,0.6338,0.2200,27
1602,0.9511,0.2000,25
1603,1.0069,0.4600,20
1604,0.8162,0.5200,18
1605,0.9617,0.5000,17
1606,0.9724,0.4800,17
1607,1.1455,0.5200,16
1608,1.0451,0.4600,20
1609,1.0926,0.4200,21
1610,1.2740,0.5600,17
1611,0.8858,0.4000,20
1612,0.7450,0.1600,32
1613,0.8672,0.3600,22
1614,0.6754,0.3800,19
1615,0.6840,0.1200,30
1616,0.7555,0.4200,14
1617,0.9101,0.1400,27
1618,0.6233,0.1800,27
1619,0.7994,0.1000,29
1620,0.7839,0.1600,32
1621,0.7759,0.1000,33
1622,0.8342,0.1200,28
1623,0.7570,0.1400,30
1624,0.7744,0.1800,32
1625,0.8219,0.1600,27
1626,0.8696,0.1800,28
1627,0.9014,0.3000,24
1628,0.8141,0.2800,20
1629,0.9998,0.3000,16
1630,0.9378,0.4600,20
1631,1.1720,0.3200,21
1632,1.4785,0.4600,15
1633,0.8152,0.3000,24
1634,0.7762,0.3000,27
1635,1.5639,0.5000,3
1636,0.7552,0.4600,22
1637,0.7710,0.3000,28
1638,0.9422,0.4400,23
1639,0.7873,0.3600,26
1640,0.6937,0.2600,32
1641,0.9460,0.3200,16
1642,0.6696,0.1800,28
1643,0.6162,0.2000,30
1644,0.8844,0.3400,19
1645,0.7849,0.4000,20
1646,0.7962,0.1600,27
1647,0.9205,0.3200,22
1648,0.5887,0.3400,22
1649,0.8694,0.3000,25
1650,0.7294,0.3400,26
1651,0.8894,0.4200,21
1652,1.1029,0.5400,14
1653,0.9809,0.5400,18
1654,1.0292,0.4800,22
1655,0.7026,0.3600,23
1656,0.7576,0.3800,22
1657,0.8249,0.4000,23
1658,0.7876,0.3600,26
1659,0.7658,0.2600,27
1660,0.6148,0.4400,15
1661,0.6756,0.2800,30
1662,0.7717,0.3200,24
1663,0.5171,0.2000,27
1664,0.5713,0.2800,14
1665,0.8448,0.1600,32
1666,0.8855,0.2200,23
1667,0.7722,0.2400,24
1668,0.7009,0.2000,28
1669,0.7390,0.3000,28
1670,0.8820,0.2000,22
1671,0.8217,0.1600,31
1672,0.7779,0.1400,29
1673,0.6243,0.1600,33
1674,0.6278,0.3200,23
1675,0.6943,0.2600,26
1676,0.9678,0.2800,20
1677,0.9537,0.3800,16
1678,0.7576,0.3200,22
1679,0.7941,0.2800,21
1680,0.9973,0.4000,12
1681,0.8286,0.4200,22
1682,0.6878,0.4800,18
1683,0.9795,0.3200,29
1684,0.7253,0.3600,22
1685,0.9147,0.3400,20
1686,0.9200,0.4400,19
1687,0.8095,0.3800,19
1688,0.7140,0.3200,25
1689,0.5941,0.1600,28
1690,0.6131,0.2600,33
1691,0.6167,0.2200,24
1692,0.6183,0.2200,26
1693,0.7091,0.1600,26
1694,1.0422,0.2200,19
1695,0.8865,0.2400,20
1696,0.8375,0.2400,28
1697,0.8181,0.1800,24
1698,0.9627,0.3000,24
1699,0.7790,0.4000,23
1700,0.6767,0.3400,25
1701,0.9918,0.3600,21
1702,0.9077,0.4000,23
1703,1.1947,0.4800,21
1704,0.9145,0.4600,18
1705,1.5557,0.5000,7
1706,0.8826,0.4400,20
1707,0.9589,0.4000,21
1708,1.1997,0.3800,21
1709,0.8481,0.3000,25
1710,0.8415,0.3800,19
1711,0.8098,0.3600,24
1712,0.8051,0.4400,19
1713,1.3271,0.4800,10
1714,0.6447,0.2000,31
1715,0.6841,0.3000,16
1716,0.6666,0.2000,22
1717,0.6912,0.3000,21
1718,0.6551,0.2800,31
1719,0.7184,0.3000,28
1720,0.6137,0.2800,26
1721,0.7792,0.3600,18
1722,0.9782,0.3800,17
1723,0.6164,0.4200,23
1724,0.7482,0.2800,21
1725,0.7628,0.1600,30
1726,0.7491,0.3200,27
1727,0.6701,0.3200,21
1728,0.8307,0.2000,27
1729,0.9263,0.3000,21
1730,1.2482,0.4000,10
1731,1.1163,0.3000,11
1732,0.8370,0.3000,26
1733,0.7807,0.2200,22
1734,0.6952,0.3400,22
1735,0.6917,0.2400,23
1736,0.7700,0.1800,28
1737,0.8002,0.2800,24
1738,1.2867,0.4200,9
1739,0.7825,0.2200,32
1740,0.7998,0.2000,28
1741,0.7527,0.3000,26
1742,0.8170,0.3200,30
1743,0.6651,0.3000,28
1744,0.7056,0.3600,25
1745,0.7911,0.3600,19
1746,0.9127,0.3400,24
1747,0.6754,0.3400,26
1748,0.6967,0.3800,23
1749,0.6603,0.2800,30
1750,0.6823,0.2800,30
1751,1.0330,0.3400,21
1752,0.7740,0.3600,20
1753,0.7786,0.2200,22
1754,0.9955,0.3200,25
1755,1.1404,0.3400,18
1756,0.9158,0.3200,26
1757,0.7625,0.3800,18
1758,0.5569,0.3800,25
1759,0.7588,0.2600,26
1760,0.9740,0.2400,18
1761,1.2346,0.3400,11
1762,0.8746,0.4000,20
1763,0.5901,0.4400,23
1764,0.6954,0.3200,23
1765,0.8838,0.2800,22
1766,0.7383,0.3000,27
1767,0.7350,0.3600,26
1768,0.7347,0.2800,29
1769,0.6959,0.3400,19
1770,0.5523,0.2200,25
1771,0.6940,0.2600,24
1772,0.7003,0.3400,24
1773,0.6757,0.2600,21
1774,0.6348,0.3600,21
1775,0.7952,0.2000,29
1776,0.4556,0.2800,22
1777,0.5539,0.3000,27
1778,0.6913,0.4200,18
1779,0.9015,0.3800,19
1780,0.8584,0.3000,19
1781,1.1747,0.5000,8
1782,0.9333,0.3800,18
1783,1.7606,0.3200,11
1784,1.0085,0.4000,22
1785,0.8705,0.2200,31
1786,0.8544,0.2800,26
1787,0.7147,0.3200,24
1788,1.1266,0.3800,19
1789,0.8117,0.3200,28
1790,0.8701,0.2800,27
1791,0.7489,0.4000,20
1792,0.5970,0.4400,19
1793,0.9821,0.3200,11
1794,0.7366,0.2600,23
1795,0.8868,0.2200,24
1796,0.9985,0.3000,13
1797,0.6494,0.2200,27
1798,0.6594,0.2400,29
1799,0.7051,0.2400,26
1800,0.6403,0.2800,25
1801,0.7368,0.3200,25
1802,0.6836,0.2600,29
1803,0.7646,0.2400,30
1804,0.6908,0.1800,29
1805,0.7738,0.2400,30
1806,0.7850,0.3400,24
1807,1.1437,0.4200,19
1808,0.7700,0.3800,20
1809,0.7547,0.3400,25
1810,0.5473,0.3400,26
1811,0.6991,0.2800,29
1812,0.8729,0.3000,24
1813,1.2278,0.4600,14
1814,0.9880,0.3400,24
1815,0.7475,0.2800,23
1816,0.9344,0.4200,19
1817,0.6443,0.3200,24
1818,1.1468,0.4200,23
1819,0.7765,0.5000,20
1820,0.7734,0.4000,20
1821,0.8674,0.3600,25
1822,0.6114,0.3000,16
1823,0.6730,0.2600,31
1824,0.6590,0.3200,24
1825,0.6306,0.2800,19
1826,0.7400,0.2800,19
1827,0.5693,0.3400,19
1828,0.6914,0.2800,23
1829,0.7738,0.1800,31
1830,0.7025,0.2800,24
1831,1.0006,0.3000,26
1832,0.9323,0.2400,24
1833,0.8113,0.2600,23
1834,0.8054,0.2600,29
1835,0.8243,0.3800,25
1836,1.0096,0.3600,21
1837,0.6220,0.2000,30
1838,0.6535,0.3200,27
1839,0.8330,0.3800,20
1840,0.8727,0.3600,26
1841,1.0336,0.2400,20
1842,0.7356,0.4400,24
1843,0.6635,0.3600,23
1844,0.7373,0.3000,28
1845,0.8419,0.3600,25
1846,0.8443,0.3400,23
1847,0.8347,0.3200,23
1848,0.9158,0.2800,22
1849,0.7654,0.4000,22
1850,1.1107,0.5000,15
1851,0.5933,0.2600,30
1852,0.8335,0.3600,21
1853,0.5731,0.3200,29
1854,0.5411,0.3400,24
1855,0.8540,0.3400,23
1856,1.2781,0.3600,18
1857,0.9384,0.2400,28
1858,0.9499,0.2200,14
1859,0.9076,0.3400,23
1860,0.8157,0.3200,27
1861,1.0469,0.3000,16
1862,0.6946,0.3800,24
1863,0.8029,0.2400,24
1864,1.0606,0.2800,17
1865,0.6507,0.3200,22
1866,0.5501,0.2800,29
1867,0.6354,0.2400,26
1868,1.1729,0.4200,10
1869,0.7015,0.2800,32
1870,0.8559,0.2800,23
1871,0.7155,0.3600,22
1872,0.7661,0.3600,21
1873,0.9030,0.2600,27
1874,0.7492,0.3400,25
1875,0.8149,0.3400,18
1876,0.6422,0.3000,29
1877,0.5921,0.3000,24
1878,0.8128,0.2400,23
1879,0.9589,0.4800,10
1880,0.6738,0.3400,24
1881,0.8171,0.4200,19
1882,1.0758,0.3000,13
1883,1.0425,0.2000,20
1884,0.7475,0.3800,21
1885,0.7983,0.4400,22
1886,0.9291,0.3400,23
1887,0.7169,0.3400,27
1888,0.8380,0.3000,24
1889,0.9061,0.5000,13
1890,1.0531,0.3600,15
1891,0.9308,0.4000,20
1892,0.9759,0.3800,20
1893,0.8709,0.3200,26
1894,0.9806,0.4000,21
1895,0.5981,0.1600,30
1896,0.6260,0.3000,28
1897,0.6080,0.2400,32
1898,0.6323,0.3800,23
1899,0.6285,0.1800,37
1900,0.6546,0.2000,28
1901,0.8608,0.3200,16
1902,0.7631,0.3800,20
1903,0.6548,0.2800,27
1904,0.6689,0.3000,22
1905,0.6752,0.1600,26
1906,0.6252,0.1600,31
1907,0.7774,0.1600,28
1908,0.7649,0.4000,22
1909,0.9972,0.2400,22
1910,0.5898,0.3000,26
1911,0.8253,0.3600,15
1912,0.7177,0.2800,31
1913,0.6845,0.1800,23
1914,0.8797,0.3600,18
1915,0.8139,0.3400,29
1916,0.6459,0.2200,30
1917,0.8388,0.2800,25
1918,0.7452,0.2800,30
1919,0.8025,0.2600,27
1920,1.0376,0.3800,20
1921,0.9560,0.2800,27
1922,0.9761,0.3800,16
1923,0.6084,0.3400,26
1924,0.6000,0.3000,26
1925,0.7808,0.2800,27
1926,1.1336,0.3200,13
1927,0.5983,0.3000,24
1928,0.8230,0.1800,26
1929,0.7641,0.3000,29
1930,0.5993,0.3000,24
1931,0.9995,0.4600,11
1932,0.5769,0.3200,27
1933,0.6319,0.4000,20
1934,0.8438,0.4000,20
1935,0.7410,0.2200,29
1936,0.9062,0.5200,17
1937,0.8967,0.3000,26
1938,0.7496,0.2800,26
1939,0.6640,0.2800,23
1940,0.5381,0.2200,29
1941,0.6777,0.4400,18
1942,0.5679,0.3400,22
1943,0.8335,0.5200,14
1944,0.9005,0.4600,21
1945,0.7930,0.4000,21
1946,0.9894,0.4600,17
1947,0.9626,0.3400,16
1948,1.0113,0.3200,17
1949,0.8006,0.2600,14
1950,0.7124,0.2600,28
1951,0.6471,0.3400,23
1952,1.1461,0.3000,22
1953,0.6560,0.3000,27
1954,0.7605,0.3600,26
1955,0.8024,0.3000,24
1956,0.7512,0.3000,24
1957,0.6856,0.3400,28
1958,0.6654,0.2600,31
1959,0.7286,0.2600,31
1960,1.4295,0.3400,8
1961,0.6346,0.4000,24
1962,0.5778,0.4200,24
1963,0.7267,0.2800,32
1964,0.8953,0.3200,21
1965,0.9228,0.2800,24
1966,0.7110,0.4000,26
1967,1.4914,0.3000,12
1968,0.7148,0.3800,24
1969,0.7432,0.3200,21
1970,1.1866,0.3600,12
1971,0.8725,0.4200,25
1972,0.6745,0.3800,26
1973,0.6880,0.4000,22
1974,0.7941,0.4000,19
1975,0.5960,0.3400,23
1976,1.0379,0.3200,23
1977,0.6640,0.3600,20
1978,0.7229,0.4000,23
1979,0.6774,0.4600,20
1980,0.6757,0.2800,22
1981,0.6971,0.2400,27
1982,0.7082,0.1200,33
1983,0.7711,0.2800,24
1984,0.8532,0.3200,23
1985,0.6011,0.2400,27
1986,0.7803,0.2800,28
1987,0.9811,0.4800,22
1988,0.8612,0.4400,23
1989,0.6924,0.3000,24
1990,0.6594,0.3200,28
1991,0.7103,0.3200,27
1992,0.7315,0.3200,28
1993,0.9557,0.3400,19
1994,0.8486,0.3200,22
1995,0.9352,0.3400,16
1996,0.7582,0.4000,20
1997,0.5768,0.2600,25
1998,0.9107,0.3600,23
1999,0.7265,0.3200,25
2000,0.7453,0.2400,18
2001,2.5200,0.4200,8
2002,0.8743,0.4400,17
2003,0.7340,0.5000,16
2004,0.8402,0.4000,15
2005,0.8378,0.3000,27
2006,0.6661,0.3800,24
2007,0.8704,0.3800,24
2008,0.8298,0.3600,21
2009,0.6529,0.3400,24
2010,0.6112,0.3200,23
2011,1.5180,0.5400,5
2012,1.2572,0.2000,21
2013,0.5481,0.3400,25
2014,0.7623,0.3800,20
2015,0.9179,0.3200,24
2016,0.6328,0.2600,32
2017,0.8097,0.3200,25
2018,0.6012,0.3600,25
2019,0.8925,0.3000,27
2020,0.6281,0.1800,34
2021,0.7832,0.3000,25
2022,0.6134,0.3000,29
2023,0.8505,0.3000,27
2024,0.5974,0.2600,28
2025,0.7849,0.2400,27
2026,0.5166,0.2400,29
2027,0.7776,0.3800,19
2028,0.7477,0.2800,22
2029,0.4811,0.1600,29
2030,1.9379,0.4800,11
2031,0.9811,0.4600,9
2032,0.7980,0.3400,26
2033,0.8665,0.3200,22
2034,0.7196,0.2600,19
2035,0.7577,0.4600,21
2036,0.6243,0.3800,21
2037,0.7867,0.3400,25
2038,1.4325,0.3000,9
2039,1.2419,0.5600,10
2040,0.7630,0.4800,17
2041,1.1175,0.4400,20
2042,0.8124,0.2800,29
2043,0.7700,0.5000,20
2044,0.8785,0.4200,22
2045,0.8932,0.3200,26
2046,1.2986,0.4800,12
2047,0.7461,0.2600,29
2048,0.7662,0.3600,23
2049,0.6293,0.2400,28
2050,0.8263,0.3400,27
2051,0.7778,0.3800,25
2052,0.8772,0.2800,25
2053,0.5902,0.1800,33
2054,0.6846,0.2600,29
2055,0.6688,0.3200,22
2056,0.7031,0.1600,32
2057,0.5806,0.2600,27
2058,0.7844,0.4200,17
2059,1.1639,0.3600,10
2060,0.8699,0.2800,28
2061,0.6344,0.2200,29
2062,0.9623,0.3000,13
2063,1.0858,0.2400,12
2064,0.6261,0.3200,24
2065,0.7015,0.1800,27
2066,0.8499,0.3800,16
2067,0.6928,0.2800,26
2068,1.0573,0.3400,18
2069,0.8052,0.2200,30
2070,0.6418,0.1800,24
2071,1.2095,0.2200,20
2072,0.7816,0.4000,22
2073,0.7585,0.3600,23
2074,0.8428,0.2600,30
2075,0.9654,0.4000,15
2076,1.4044,0.3200,11
2077,0.7196,0.3600,21
2078,0.8321,0.3800,23
2079,0.9000,0.3000,26
2080,0.7693,0.2800,25
2081,0.7946,0.3400,23
2082,0.6839,0.3800,19
2083,0.8480,0.4200,22
2084,0.8890,0.4400,17
2085,1.0882,0.3800,18
2086,1.1884,0.5200,9
2087,0.6589,0.3200,27
2088,0.8413,0.3200,24
2089,0.8172,0.2200,27
2090,0.6714,0.3000,26
2091,0.6517,0.2400,27
2092,1.4775,0.3600,9
2093,0.6581,0.3000,23
2094,0.8040,0.2800,31
2095,0.6589,0.2800,25
2096,0.8236,0.3800,19
2097,0.7549,0.4000,17
2098,0.8084,0.2800,32
2099,0.7731,0.2800,24
2100,0.8654,0.3600,21
2101,0.9028,0.3000,15
2102,1.0545,0.2000,20
2103,0.6451,0.2200,26
2104,0.8306,0.1600,21
2105,0.8347,0.3800,21
2106,0.7845,0.4400,21
2107,0.8221,0.3800,25
2108,0.7954,0.3600,26
2109,0.8352,0.4600,20
2110,0.7634,0.3400,22
2111,0.6784,0.3800,29
2112,0.9411,0.3400,15
2113,0.7067,0.3600,25
2114,0.6595,0.3000,20
2115,0.8502,0.4000,21
2116,0.7757,0.2400,28
2117,0.7113,0.3200,26
2118,0.8167,0.4000,19
2119,0.7687,0.3400,23
2120,0.7517,0.2800,28
2121,0.6381,0.3400,26
2122,1.0557,0.5200,16
2123,0.6678,0.3200,19
2124,0.6859,0.4000,19
2125,1.3606,0.2800,10
2126,0.6100,0.2200,34
2127,0.9256,0.4000,20
2128,1.5005,0.2600,8
2129,0.9672,0.3800,17
2130,0.7077,0.3400,18
2131,1.1407,0.3000,12
2132,0.8557,0.4000,18
2133,0.8051,0.2600,22
2134,0.7055,0.2400,30
2135,0.9224,0.2600,25
2136,1.0712,0.3400,9
2137,0.7700,0.3800,27
2138,1.7383,0.4200,12
2139,0.6816,0.3600,16
2140,0.6969,0.3400,24
2141,0.7094,0.3000,23
2142,0.7428,0.2000,22
2143,1.4229,0.5800,7
2144,0.8454,0.1800,25
2145,0.9348,0.4400,18
2146,0.7428,0.3400,25
2147,0.8353,0.3400,26
2148,0.6674,0.3200,24
2149,0.7477,0.3000,33
2150,1.0969,0.4800,16
2151,1.1896,0.5000,12
2152,1.0933,0.4600,19
2153,0.8040,0.4600,21
2154,0.7963,0.3200,23
2155,0.9847,0.2400,25
2156,0.6475,0.2200,33
2157,0.8047,0.3400,26
2158,0.5505,0.3200,27
2159,0.8605,0.3000,24
2160,0.8360,0.4000,22
2161,0.9982,0.2600,25
2162,0.8457,0.3400,28
2163,1.0950,0.3600,17
2164,1.1858,0.3400,20
2165,0.8136,0.2400,30
2166,0.8388,0.3800,18
2167,0.7092,0.3800,22
2168,0.6255,0.3600,24
2169,0.8002,0.3200,24
2170,0.6288,0.3600,23
2171,0.9089,0.3000,19
2172,0.7215,0.1400,32
2173,0.7274,0.3600,23
2174,0.7423,0.2200,27
2175,0.8981,0.3800,17
2176,0.8953,0.2800,28
2177,0.6437,0.3800,24
2178,0.8628,0.2800,25
2179,0.7286,0.4600,18
2180,0.7050,0.4000,26
2181,0.7197,0.5000,22
2182,0.7916,0.3600,21
2183,0.8757,0.5400,16
2184,1.2080,0.4400,14
2185,0.7382,0.3800,23
2186,0.6914,0.4200,20
2187,0.8293,0.3600,19
2188,0.8185,0.4400,21
2189,0.7328,0.2000,27
2190,0.9050,0.4600,20
2191,0.7733,0.3000,27
2192,0.9669,0.4600,12
2193,0.6563,0.2800,30
2194,0.6633,0.3400,24
2195,0.6695,0.3200,25
2196,0.7695,0.3200,22
2197,0.7724,0.3200,24
2198,1.0097,0.2400,27
2199,0.8097,0.2600,26
2200,1.1043,0.2600,18
2201,1.2645,0.4000,11
2202,0.6041,0.1800,29
2203,0.7974,0.2400,28
2204,0.8663,0.3600,21
2205,1.1242,0.4600,9
2206,0.8951,0.4400,20
2207,0.8748,0.4800,25
2208,1.1986,0.4000,24
2209,0.7754,0.4400,23
2210,0.7916,0.5400,18
2211,1.0138,0.2400,14
2212,0.8297,0.4800,17
2213,0.7296,0.2800,28
2214,0.7728,0.2200,27
2215,0.8058,0.1800,27
2216,1.0036,0.2000,20
2217,1.2974,0.2200,24
2218,1.0742,0.2600,27
2219,0.9396,0.1600,23
2220,0.8958,0.1800,26
2221,0.7042,0.1600,24
2222,0.7455,0.2200,23
2223,0.5983,0.3200,23
2224,0.8103,0.4800,15
2225,0.6682,0.3800,21
2226,0.9286,0.5800,14
2227,0.9536,0.4200,23
2228,0.8483,0.4200,20
2229,0.9851,0.6000,17
2230,0.7704,0.3600,26
2231,0.7501,0.3200,30
2232,0.8903,0.4400,16
2233,0.9466,0.4000,21
2234,0.8128,0.4200,23
2235,0.8029,0.3200,27
2236,0.6663,0.2600,30
2237,1.0530,0.3800,20
2238,0.8845,0.2400,28
2239,1.2330,0.4800,17
2240,0.8398,0.3600,25
2241,0.5711,0.2800,29
2242,0.9018,0.3400,22
2243,0.7059,0.3000,23
2244,0.7260,0.2200,25
2245,0.6035,0.1800,32
2246,0.5871,0.1800,35
2247,0.7141,0.3200,28
2248,0.6535,0.2400,25
2249,0.5851,0.3000,26
2250,0.6874,0.3600,26
2251,0.6323,0.3000,28
2252,0.5645,0.3000,30
2253,0.7484,0.3200,23
2254,0.6126,0.3200,22
2255,0.7565,0.2000,22
2256,0.6108,0.4200,23
2257,0.5921,0.4000,21
2258,0.7096,0.2800,21
2259,0.8063,0.3200,25
2260,0.6819,0.2000,31
2261,0.9232,0.2600,24
2262,0.7782,0.4000,20
2263,0.9764,0.4200,20
2264,1.5022,0.4000,12
2265,0.8163,0.2800,28
2266,0.8525,0.3800,20
2267,0.9650,0.2000,31
2268,0.7954,0.3800,20
2269,0.8838,0.3000,20
2270,0.7474,0.3400,26
2271,0.6458,0.3600,19
2272,0.8474,0.3200,23
2273,1.0601,0.4200,21
2274,0.6203,0.4000,18
2275,0.6992,0.2400,22
2276,0.7056,0.3600,23
2277,0.8297,0.3200,23
2278,0.7189,0.4200,23
2279,0.8636,0.2600,28
2280,0.8003,0.2600,19
2281,0.5642,0.2800,27
2282,0.7395,0.3400,26
2283,0.8074,0.4400,21
2284,0.6842,0.5000,18
2285,0.8789,0.4800,19
2286,1.2229,0.3800,16
2287,0.9868,0.3400,25
2288,0.8537,0.3600,23
2289,0.6266,0.2600,28
2290,0.9424,0.4800,19
2291,1.0564,0.4000,16
2292,0.9604,0.4000,19
2293,0.8696,0.3600,25
2294,0.8517,0.4200,22
2295,0.7648,0.3600,20
2296,0.7110,0.2600,27
2297,0.7796,0.3200,26
2298,0.8591,0.2000,33
2299,1.3104,0.5400,10
2300,0.7551,0.3000,19
2301,0.6958,0.2400,27
2302,0.4997,0.2600,28
2303,0.6503,0.3200,25
2304,0.6588,0.3800,24
2305,0.5454,0.2600,26
2306,0.5171,0.5400,19
2307,0.6888,0.4000,26
2308,0.8046,0.2200,26
2309,0.6815,0.3400,29
2310,0.7032,0.3600,24
2311,0.5544,0.2800,26
2312,0.6325,0.2600,22
2313,0.6899,0.2400,20
2314,0.5662,0.2600,28
2315,0.7883,0.2600,16
2316,0.7828,0.2600,32
2317,0.7621,0.3200,25
2318,0.7452,0.3400,28
2319,0.6647,0.3200,24
2320,0.7264,0.3000,23
2321,0.7903,0.4400,22
2322,1.1191,0.4200,22
2323,1.1557,0.4000,23
2324,1.4095,0.4600,13
2325,0.9614,0.2600,29
2326,0.7051,0.2200,29
2327,1.2833,0.3800,23
2328,0.7556,0.2400,27
2329,0.7992,0.2200,33
2330,1.3080,0.3000,13
2331,0.7526,0.3400,24
2332,0.9697,0.2800,28
2333,0.7419,0.1800,34
2334,1.0742,0.2400,20
2335,0.9580,0.4000,20
2336,0.7641,0.3200,25
2337,0.7431,0.3800,22
2338,0.7495,0.2000,32
2339,0.9273,0.3400,21
2340,1.0229,0.4400,16
2341,0.7492,0.4200,20
2342,0.6556,0.3200,22
2343,0.7205,0.3200,24
2344,0.8585,0.4400,15
2345,0.5646,0.3000,26
2346,0.6907,0.2200,26
2347,0.6699,0.2800,26
2348,1.1009,0.3800,10
2349,0.8030,0.4200,21
2350,0.8775,0.4000,22
2351,0.8265,0.3200,19
2352,0.7212,0.3000,26
2353,0.7803,0.4000,20
2354,0.6452,0.2200,28
2355,0.7347,0.3400,28
2356,0.7231,0.3800,23
2357,0.7441,0.2400,23
2358,1.2232,0.3200,19
2359,0.7329,0.4200,23
2360,0.8234,0.4000,21
2361,0.8496,0.2200,27
2362,0.9538,0.2400,24
2363,0.9463,0.3600,25
2364,0.7855,0.3000,24
2365,1.0082,0.3600,18
2366,1.3761,0.2800,16
2367,0.9623,0.2200,26
2368,0.7628,0.4400,22
2369,0.8258,0.4200,20
2370,1.1782,0.2400,22
2371,0.7118,0.3000,24
2372,0.7128,0.3000,25
2373,0.6753,0.3400,31
2374,0.7762,0.3600,25
2375,0.9146,0.3600,15
2376,0.7548,0.4000,20
2377,0.8858,0.3600,20
2378,1.3300,0.2800,24
2379,0.7744,0.3200,22
2380,0.9709,0.3800,22
2381,0.7838,0.2000,29
2382,0.9840,0.3200,22
2383,1.1731,0.2800,18
2384,0.7002,0.1600,32
2385,0.7077,0.3000,23
2386,0.8833,0.2800,25
2387,0.8251,0.2200,25
2388,0.7708,0.2200,32
2389,0.6512,0.3200,25
2390,0.5557,0.2400,30
2391,0.6780,0.1200,33
2392,0.6425,0.2400,22
2393,0.7572,0.2800,20
2394,0.6595,0.2400,19
2395,0.5984,0.3200,30
2396,0.7618,0.1400,29
2397,0.6976,0.2400,24
2398,0.7000,0.3200,22
2399,0.6449,0.2800,27
2400,0.7987,0.3000,25
2401,0.7728,0.3000,24
2402,1.0351,0.4200,17
2403,0.9497,0.2800,19
2404,0.9856,0.3600,18
2405,0.7379,0.2800,22
2406,1.7892,0.3000,17
2407,1.0128,0.3600,19
2408,1.1598,0.2000,22
2409,0.6716,0.1200,30
2410,0.7358,0.1200,31
2411,0.7059,0.1400,30
2412,0.5880,0.2400,23
2413,0.6006,0.3000,26
2414,0.7279,0.2000,22
2415,0.6846,0.4400,24
2416,0.9792,0.3600,16
2417,0.9126,0.4800,18
2418,1.2058,0.4200,20
2419,1.0575,0.4200,21
2420,0.9796,0.4600,18
2421,0.6444,0.3400,24
2422,0.7997,0.4200,25
2423,0.4971,0.2000,32
2424,0.4949,0.2000,33
2425,1.0119,0.1200,31
2426,0.9984,0.1000,30
2427,0.9342,0.0800,33
2428,1.1400,0.1600,30
2429,0.8488,0.1800,26
2430,0.9333,0.1000,38
2431,0.5319,0.1800,32
2432,0.6998,0.1600,33
2433,0.6875,0.1800,30
2434,0.5700,0.2000,27
2435,0.6771,0.4200,24
2436,0.6619,0.3400,23
2437,0.6800,0.2400,31
2438,0.8233,0.2000,30
2439,0.8351,0.4400,20
2440,0.8811,0.4200,23
2441,0.6625,0.3200,28
2442,0.8996,0.3600,24
2443,0.6892,0.2800,31
2444,0.7711,0.2200,28
2445,0.6025,0.2000,29
2446,0.6988,0.2800,26
2447,0.6151,0.2200,26
2448,1.1047,0.3600,20
2449,0.7048,0.3200,24
2450,0.7035,0.3400,26
2451,0.4806,0.3200,27
2452,0.8044,0.2400,31
2453,0.9861,0.2000,20
2454,0.9295,0.2000,24
2455,0.7127,0.1000,29
2456,0.7387,0.1600,23
2457,0.6946,0.2200,29
2458,0.5533,0.1800,34
2459,0.7102,0.2000,30
2460,0.6224,0.1600,33
2461,0.7351,0.1600,34
2462,0.4602,0.2000,31
2463,0.8377,0.1600,34
2464,0.7175,0.3000,26
2465,0.6148,0.1400,30
2466,0.6215,0.2400,28
2467,0.7764,0.2600,31
2468,0.6818,0.2800,30
2469,0.6725,0.1400,28
2470,0.6320,0.2600,30
2471,0.8992,0.3200,26
2472,0.7010,0.2000,28
2473,0.9187,0.3000,24
2474,0.8462,0.2200,34
2475,0.6842,0.1600,30
2476,1.3149,0.4200,20
2477,0.7401,0.2800,28
2478,0.9710,0.2200,32
2479,0.6597,0.2600,30
2480,0.8368,0.2800,32
2481,0.9097,0.4000,17
2482,0.5752,0.3600,27
2483,0.6146,0.1800,32
2484,0.8532,0.2000,30
2485,0.7319,0.1400,32
2486,0.6686,0.1400,31
2487,0.6412,0.1200,30
2488,0.7825,0.1800,27
2489,0.8414,0.2400,23
2490,0.6863,0.2200,30
2491,0.6592,0.1800,27
2492,0.6817,0.1800,30
2493,1.0730,0.2400,24
2494,0.7149,0.2800,27
2495,1.0360,0.2600,19
2496,1.0988,0.3200,12
2497,0.7464,0.2800,24
2498,0.8690,0.2800,23
2499,1.0462,0.4000,24
2500,0.6172,0.2800,27
2501,0.9273,0.3200,18
2502,0.7803,0.3400,22
2503,0.7653,0.2600,24
2504,0.8403,0.1400,34
2505,0.9162,0.2200,26
2506,0.8071,0.4000,20
2507,0.8399,0.0600,37
2508,0.6971,0.2200,29
2509,0.7717,0.2400,28
2510,0.7161,0.2000,28
2511,0.6385,0.2000,33
2512,0.9162,0.1800,27
2513,0.7802,0.1800,25
2514,1.0569,0.3800,10
2515,0.9059,0.2800,18
2516,0.8060,0.0800,36
2517,0.8527,0.1400,35
2518,1.4072,0.3400,13
2519,0.5859,0.2400,17
2520,0.7160,0.1600,30
2521,0.8215,0.0600,35
2522,0.7883,0.1200,28
2523,0.9498,0.2000,20
2524,0.8136,0.1800,31
2525,0.7444,0.1600,30
2526,0.6683,0.2200,30
2527,0.9436,0.1200,27
2528,0.6182,0.1800,32
2529,0.6334,0.3800,19
2530,0.6215,0.4400,22
2531,0.6269,0.1800,33
2532,0.8745,0.2400,28
2533,0.7074,0.3200,24
2534,0.7231,0.2800,23
2535,0.7553,0.3200,23
2536,0.8482,0.4000,20
2537,0.8931,0.3000,25
2538,0.9843,0.3400,21
2539,0.8157,0.2800,29
2540,0.7744,0.2200,25
2541,0.7931,0.2000,30
2542,0.7245,0.2000,30
2543,1.0140,0.1800,28
2544,0.6945,0.1000,31
2545,0.8122,0.1600,29
2546,0.8746,0.2600,26
2547,1.2136,0.4400,14
2548,0.9421,0.2200,31
2549,0.5130,0.2400,31
2550,0.8885,0.4000,22
2551,0.7519,0.3200,26
2552,0.7482,0.2400,17
2553,0.9911,0.2000,28
2554,0.8358,0.2600,29
2555,0.7829,0.2800,22
2556,0.5281,0.2400,29
2557,0.7348,0.3000,27
2558,0.7534,0.2400,28
2559,0.5906,0.3400,25
2560,0.6342,0.1600,30
2561,0.8312,0.2800,24
2562,0.7098,0.3200,20
2563,0.7420,0.2800,24
2564,0.8075,0.2000,27
2565,0.7015,0.1400,24
2566,0.6134,0.2000,27
2567,1.2283,0.2800,12
2568,0.6698,0.1800,26
2569,0.6668,0.4800,19
2570,0.6323,0.3000,26
2571,1.0274,0.4000,21
2572,0.7966,0.4400,22
2573,0.8934,0.4400,22
2574,0.8199,0.3600,22
2575,0.8984,0.4000,20
2576,1.1226,0.3200,13
2577,1.1353,0.4400,16
2578,0.9871,0.3400,23
2579,1.0093,0.4200,19
2580,0.6286,0.2600,27
2581,0.7921,0.4000,21
2582,1.1083,0.4600,19
2583,0.9027,0.4600,21
2584,0.9643,0.4000,21
2585,0.8309,0.3800,20
2586,0.6420,0.2600,30
2587,0.8395,0.4200,20
2588,0.7813,0.3000,19
2589,1.2232,0.5000,3
2590,0.8048,0.3800,24
2591,0.7309,0.3800,24
2592,0.9738,0.5200,12
2593,0.9121,0.4600,22
2594,0.8923,0.5000,13
2595,1.0030,0.4000,21
2596,0.7504,0.3400,23
2597,0.6527,0.2400,25
2598,0.8444,0.1400,27
2599,1.0375,0.3600,16
2600,0.7065,0.2800,25
2601,0.9142,0.4400,22
2602,0.8377,0.4200,21
2603,0.8165,0.3600,20
2604,1.0021,0.1600,29
2605,0.6196,0.2800,26
2606,1.0396,0.4000,21
2607,0.8762,0.3200,28
2608,0.8720,0.3800,20
2609,0.8470,0.4000,19
2610,0.7639,0.3600,27
2611,0.8316,0.2400,21
2612,0.7829,0.3600,29
2613,0.8921,0.3400,29
2614,0.7501,0.3000,20
2615,0.6164,0.3000,30
2616,0.7974,0.3200,26
2617,0.7031,0.2400,26
2618,0.7659,0.3600,25
2619,0.7514,0.4000,22
2620,0.9850,0.2400,25
2621,0.8062,0.4200,19
2622,0.7011,0.3800,21
2623,0.6467,0.1400,27
2624,0.9387,0.3000,23
2625,0.7790,0.3200,26
2626,0.9169,0.3600,19
2627,0.7706,0.3000,23
2628,0.7527,0.3600,24
2629,1.1402,0.3800,16
2630,1.3987,0.3600,8
2631,1.1147,0.4600,19
2632,0.9728,0.4400,16
2633,0.9470,0.4200,17
2634,0.8403,0.3200,26
2635,0.9518,0.2800,13
2636,0.8166,0.3800,22
2637,0.8114,0.2800,23
2638,0.7206,0.2600,30
2639,0.7328,0.2600,27
2640,0.8838,0.3000,28
2641,0.9022,0.4000,21
2642,0.7710,0.3200,24
2643,0.8735,0.2800,21
2644,0.8377,0.3000,23
2645,0.9278,0.3000,25
2646,0.8232,0.2800,19
2647,0.9214,0.3000,28
2648,0.9023,0.4200,22
2649,0.9714,0.4400,17
2650,0.7428,0.2000,27
2651,0.7661,0.3400,25
2652,0.6483,0.3200,23
2653,0.6002,0.2800,28
2654,0.9270,0.2000,28
2655,0.7040,0.2600,28
2656,0.9367,0.2400,24
2657,0.8198,0.2800,27
2658,0.9517,0.2800,24
2659,0.6600,0.3200,28
2660,0.9347,0.2600,19
2661,0.7272,0.2600,26
2662,0.5299,0.2800,24
2663,1.0459,0.3000,20
2664,0.6802,0.2800,23
2665,1.2782,0.4000,10
2666,0.8207,0.2800,27
2667,0.8211,0.3400,24
2668,0.8930,0.4400,17
2669,0.7828,0.3800,22
2670,0.8154,0.3200,26
2671,0.7594,0.3200,28
2672,0.9687,0.3600,24
2673,0.8111,0.3600,22
2674,1.0435,0.3200,22
2675,1.0849,0.3800,22
2676,0.8494,0.3200,23
2677,0.7212,0.3400,25
2678,0.9974,0.4600,18
2679,0.9562,0.4400,16
2680,0.8103,0.2400,27
2681,0.8953,0.4000,20
2682,0.6280,0.2400,33
2683,0.7926,0.2600,28
2684,0.7259,0.3200,25
2685,0.7508,0.1600,32
2686,0.9182,0.2200,21
2687,0.7411,0.2200,30
2688,0.6900,0.2600,30
2689,0.8590,0.3800,20
2690,1.2178,0.3800,10
2691,0.7337,0.3200,24
2692,0.8380,0.4000,25
2693,0.6632,0.3000,25
2694,0.7006,0.2600,33
2695,0.8315,0.3200,23
2696,0.7540,0.3200,22
2697,0.7072,0.3000,25
2698,1.0011,0.2400,29
2699,0.8236,0.4200,23
2700,0.8903,0.2000,30
2701,1.0981,0.3200,26
2702,0.8668,0.3400,19
2703,1.0552,0.3400,19
2704,0.7210,0.3200,26
2705,0.9259,0.3600,20
2706,0.8813,0.3200,21
